type,name,date_created
WatchEvent,president-tuychiyev/library-crm-ui,2023-04-16T18:20:52Z
PullRequestEvent,danielavornic/travel-system,2023-04-16T18:20:52Z
PullRequestEvent,DDAL-GGAK/DDAL-GGAK-BE,2023-04-16T18:20:52Z
WatchEvent,kunal-kushwaha/node_mongo_todo,2023-04-16T18:20:52Z
IssuesEvent,Enterprise-CMCS/macpro-mdct-carts,2023-04-16T18:20:52Z
IssuesEvent,serudda/reward-system,2023-04-16T18:20:51Z
IssuesEvent,andrewguest/movie-shelf,2023-04-16T18:20:52Z
IssuesEvent,beerstorm-net/GeoFlutterFire2,2023-04-16T18:20:51Z
IssuesEvent,DelvUI/DelvUI,2023-04-16T18:20:51Z
IssuesEvent,pddemo/demo,2023-04-16T18:20:51Z
PullRequestEvent,AstarNetwork/astar-docs,2023-04-16T18:20:51Z
WatchEvent,president-tuychiyev/ku-vue,2023-04-16T18:20:51Z
WatchEvent,bayandin/awesome-awesomeness,2023-04-16T18:20:51Z
PullRequestEvent,eRz3T/Projekt_BD_EOD-EDMS,2023-04-16T18:20:50Z
PullRequestEvent,muhammadidrees/mason_wall,2023-04-16T18:20:50Z
WatchEvent,lightaime/camel,2023-04-16T18:21:05Z
PullRequestEvent,dotnet/Open-XML-SDK,2023-04-16T18:21:05Z
WatchEvent,microsoft/visual-chatgpt,2023-04-16T18:21:05Z
WatchEvent,SunWeb3Sec/DeFiHackLabs,2023-04-16T18:21:04Z
IssuesEvent,szymonrychu/containers,2023-04-16T18:21:04Z
PullRequestEvent,gifhuppp/ports,2023-04-16T18:21:04Z
PullRequestEvent,tienviet10/game_list,2023-04-16T18:21:04Z
WatchEvent,THUDM/P-tuning-v2,2023-04-16T18:21:04Z
PullRequestEvent,yicr/aws-ecs-fargate-task-termination-detection-event-rule,2023-04-16T18:21:04Z
PullRequestEvent,msega5/Sergei_Efanov_5_1.io,2023-04-16T18:21:53Z
WatchEvent,leetcode-mafia/cheetah,2023-04-16T18:21:53Z
IssuesEvent,orangecoding/fredy,2023-04-16T18:21:53Z
WatchEvent,lightaime/camel,2023-04-16T18:21:53Z
PullRequestEvent,StackExchange/dnscontrol,2023-04-16T18:21:53Z
WatchEvent,xlpmyxhdr/Launcher,2023-04-16T18:21:53Z
PullRequestEvent,Meta-Front-End-Developer-PC/m4l1_managing_a_project,2023-04-16T18:21:53Z
PullRequestEvent,scelsic2/ecomerce,2023-04-16T18:21:53Z
PullRequestEvent,armancodv/chidman,2023-04-16T18:21:52Z
PullRequestEvent,TTanisha/FamilyHub,2023-04-16T18:21:52Z
PullRequestEvent,armancodv/chidman,2023-04-16T18:21:52Z
PullRequestEvent,armancodv/chidman,2023-04-16T18:21:52Z
IssuesEvent,cs253-team2/frontend,2023-04-16T18:21:52Z
PullRequestEvent,armancodv/chidman,2023-04-16T18:21:51Z
WatchEvent,visheratin/web-ai,2023-04-16T18:21:51Z
PullRequestEvent,veo-labs/openveo-test,2023-04-16T18:21:51Z
WatchEvent,DSMalamov/CSharpOOP,2023-04-16T18:21:51Z
PullRequestEvent,phamkv/ProjectDiary,2023-04-16T18:21:51Z
PullRequestEvent,bubble-code/renew_inforen,2023-04-16T18:22:04Z
PullRequestEvent,StackExchange/dnscontrol,2023-04-16T18:22:04Z
PullRequestEvent,mate-academy/js_task-transportation-on-vacation,2023-04-16T18:22:04Z
PullRequestEvent,jserv/amacc,2023-04-16T18:22:04Z
IssuesEvent,kbojarowska/SkinResque,2023-04-16T18:22:03Z
PullRequestEvent,aws-samples/aws-analytics-reference-architecture,2023-04-16T18:22:02Z
WatchEvent,nomic-ai/gpt4all,2023-04-16T18:22:02Z
IssuesEvent,Arawns1/Trabalho-Sistema-Bancario-Serratec,2023-04-16T18:23:03Z
WatchEvent,EddieHubCommunity/LinkFree,2023-04-16T18:23:03Z
WatchEvent,facebookresearch/segment-anything,2023-04-16T18:23:03Z
IssuesEvent,leo424y/heysiri.ml,2023-04-16T18:23:03Z
PullRequestEvent,Ben-Costa/Purify_IO,2023-04-16T18:23:02Z
PullRequestEvent,ArtemCherepov/labs-OOP,2023-04-16T18:23:02Z
PullRequestEvent,kp-forks/calibre,2023-04-16T18:23:02Z
PullRequestEvent,reworkd/AgentGPT,2023-04-16T18:23:01Z
WatchEvent,beholdr/maska,2023-04-16T18:23:02Z
WatchEvent,oblador/react-native-vector-icons,2023-04-16T18:23:01Z
PullRequestEvent,jcotalorac/learning-microservices-springboot,2023-04-16T18:23:01Z
PullRequestEvent,FSW-29/ChallengeChapter9,2023-04-16T18:22:59Z
WatchEvent,tiangolo/fastapi,2023-04-16T18:22:59Z
IssuesEvent,thephpleague/oauth2-client,2023-04-16T18:22:59Z
PullRequestEvent,google-test/signclav2-probe-repo,2023-04-16T18:22:59Z
PullRequestEvent,bcnfs/bcnfs.github.io,2023-04-16T18:22:59Z
PullRequestEvent,AlanCroda/LunarJam,2023-04-16T18:22:59Z
PullRequestEvent,Ritesh-K-G/Eventia,2023-04-16T18:22:59Z
PullRequestEvent,R2-WebSovellusprojekti/VisualizerV2,2023-04-16T18:22:58Z
PullRequestEvent,Piwero/django-frontend-boilerplate,2023-04-16T18:22:58Z
PullRequestEvent,frostpv/song-service,2023-04-16T18:22:58Z
IssuesEvent,tiredofit/docker-traefik-cloudflare-companion,2023-04-16T18:22:58Z
IssuesEvent,cbh123/foo,2023-04-16T18:22:58Z
PullRequestEvent,jgosmann/doveseed,2023-04-16T18:22:58Z
PullRequestEvent,obiwac/python-minecraft-clone,2023-04-16T18:22:57Z
PullRequestEvent,myckhel/church-management-system,2023-04-16T18:22:57Z
PullRequestEvent,mikeyhodl/flutter,2023-04-16T18:23:45Z
WatchEvent,Hramchenko/diffusion_distiller,2023-04-16T18:23:45Z
WatchEvent,freeCodeCamp/courses-vscode-extension,2023-04-16T18:23:45Z
WatchEvent,public-apis/public-apis,2023-04-16T18:23:45Z
WatchEvent,CorentinTh/it-tools,2023-04-16T18:23:45Z
IssuesEvent,rafaqz/Rasters.jl,2023-04-16T18:23:45Z
PullRequestEvent,msh8261/prac,2023-04-16T18:23:45Z
WatchEvent,AXLShorts/Star-Pattern,2023-04-16T18:23:45Z
PullRequestEvent,Lemoncode/Angular-Architecture-Fundamentals,2023-04-16T18:23:45Z
PullRequestEvent,peterliapin/onlinesales.admin,2023-04-16T18:23:45Z
PullRequestEvent,igorskyflyer/ad-void,2023-04-16T18:23:44Z
WatchEvent,yoyo-nb/Thin-Plate-Spline-Motion-Model,2023-04-16T18:23:44Z
WatchEvent,practical-tutorials/project-based-learning,2023-04-16T18:23:44Z
WatchEvent,EsranurBetulOZ/sociaworld,2023-04-16T18:23:44Z
PullRequestEvent,s0undy/kube-ops,2023-04-16T18:23:44Z
IssuesEvent,easylist/easylist,2023-04-16T18:23:43Z
WatchEvent,jerhadf/earthnewshack,2023-04-16T18:23:44Z
WatchEvent,Abdiii1364/Crypto-Clipper,2023-04-16T18:24:03Z
IssuesEvent,rafaqz/Rasters.jl,2023-04-16T18:24:03Z
IssuesEvent,marcinguy/fpicker-aflpp-android,2023-04-16T18:24:03Z
WatchEvent,Abdiii1364/Discord-Bumper,2023-04-16T18:24:03Z
PullRequestEvent,David86Nilsson/Ticket_Hive.UI,2023-04-16T18:24:03Z
PullRequestEvent,AlreadyM/small-packages,2023-04-16T18:24:03Z
WatchEvent,Abdiii1364/Discord-Boost-Tool,2023-04-16T18:24:02Z
PullRequestEvent,Divyashree-iyer/NZWalks,2023-04-16T18:24:02Z
PullRequestEvent,jazzman/odmiana,2023-04-16T18:24:02Z
PullRequestEvent,lohnn/integral_isolates,2023-04-16T18:24:02Z
WatchEvent,vibalcam/deep-rl-supertux-race,2023-04-16T18:24:02Z
PullRequestEvent,msh8261/prac,2023-04-16T18:24:02Z
WatchEvent,yzfzzz/Stereo-Detection,2023-04-16T18:24:01Z
IssuesEvent,thephpleague/oauth2-client,2023-04-16T18:24:01Z
WatchEvent,Abdiii1364/Discord-MassDm,2023-04-16T18:24:01Z
PullRequestEvent,CHANCENY/Fast,2023-04-16T18:24:01Z
IssuesEvent,fx4btc/Telegram-Trade-Copier,2023-04-16T18:24:48Z
PullRequestEvent,jruan1580/Rof-Scheduler,2023-04-16T18:24:47Z
WatchEvent,soleforna/integrador_ISP2,2023-04-16T18:24:48Z
WatchEvent,bhtibrewal/DSA--Practice,2023-04-16T18:24:47Z
WatchEvent,XenonKey/github_rep,2023-04-16T18:24:47Z
WatchEvent,cqcore/Geolocation-OSINT,2023-04-16T18:24:46Z
PullRequestEvent,aarotukia/Electricity-price-tracker,2023-04-16T18:24:46Z
PullRequestEvent,jack580936/mir4_calculator,2023-04-16T18:24:46Z
WatchEvent,pyutils/line_profiler,2023-04-16T18:24:46Z
WatchEvent,kumuji/mix3d,2023-04-16T18:24:46Z
WatchEvent,kirill3333/react-avatar,2023-04-16T18:25:05Z
PullRequestEvent,Piwero/template-django-linting,2023-04-16T18:25:05Z
WatchEvent,cloudquery/cloudquery,2023-04-16T18:25:05Z
PullRequestEvent,IgorKowalczyk/majo.exe,2023-04-16T18:25:04Z
WatchEvent,stone-payments/template-desafio-web,2023-04-16T18:25:04Z
PullRequestEvent,shuvro/lvim,2023-04-16T18:25:04Z
PullRequestEvent,Sinchone/LastOne_BE,2023-04-16T18:25:04Z
WatchEvent,30-seconds/30-seconds-of-code,2023-04-16T18:25:04Z
WatchEvent,mongodb-university/atlas_starter_nodejs,2023-04-16T18:25:03Z
PullRequestEvent,winglang/wing,2023-04-16T18:25:03Z
WatchEvent,gdtool/cloudflare-workers-blog,2023-04-16T18:46:47Z
PullRequestEvent,Newbilius/GamesRevival,2023-04-16T18:46:47Z
WatchEvent,sainnhe/sonokai,2023-04-16T18:46:46Z
PullRequestEvent,begin0071/portfoliosite,2023-04-16T18:46:46Z
WatchEvent,InnateAlpaca/BedrockBridge,2023-04-16T18:46:46Z
WatchEvent,Uniswap/v2-core,2023-04-16T18:46:46Z
IssuesEvent,leo424y/heysiri.ml,2023-04-16T18:46:46Z
WatchEvent,FreeCodeCamp-Solutions/Build-A-Tribute-Page,2023-04-16T18:46:46Z
PullRequestEvent,deepsourcestatus/test-repository,2023-04-16T18:46:46Z
WatchEvent,Lightning-AI/lit-llama,2023-04-16T18:46:46Z
PullRequestEvent,TGlide/radix-svelte,2023-04-16T18:46:46Z
WatchEvent,ChrisBertrandDotNet/ST-Recover,2023-04-16T18:46:46Z
WatchEvent,Nice3point/RevitTemplates,2023-04-16T18:46:46Z
PullRequestEvent,dmitriopria/hillel_homework,2023-04-16T18:46:45Z
WatchEvent,fmahadyBD/Resume,2023-04-16T18:46:45Z
WatchEvent,jwpttcg66/NettyGameServer,2023-04-16T18:46:45Z
WatchEvent,EvodiaAut/vue-marquee-text-component,2023-04-16T18:46:45Z
WatchEvent,effect-ts-app/libs,2023-04-16T18:46:45Z
IssuesEvent,Jurica-B-S/Multiplayer-hangman-game-for-ios,2023-04-16T18:46:45Z
WatchEvent,alexlenail/NN-SVG,2023-04-16T18:46:45Z
PullRequestEvent,OpenIndiana/oi-userland,2023-04-16T18:46:44Z
IssuesEvent,leo424y/heysiri.ml,2023-04-16T18:46:44Z
PullRequestEvent,dchassin/gridlabd,2023-04-16T18:46:44Z
WatchEvent,vaibhavk97/Poe,2023-04-16T18:46:44Z
PullRequestEvent,a092devs/mirror-leech-telegram-bot,2023-04-16T18:46:44Z
PullRequestEvent,antixenoinitiative/warden.bot,2023-04-16T18:46:43Z
IssuesEvent,iamsurgee/uptime,2023-04-16T18:46:43Z
IssuesEvent,mtitservice/site,2023-04-16T18:46:43Z
PullRequestEvent,abdellahi03/github-start-lesson,2023-04-16T18:46:43Z
PullRequestEvent,Raj217/agro-buddy,2023-04-16T18:46:42Z
WatchEvent,AryanVBW/Exif,2023-04-16T18:46:42Z
WatchEvent,pieroit/cheshire-cat,2023-04-16T18:46:42Z
PullRequestEvent,DroCodes/RaidBot,2023-04-16T18:47:44Z
WatchEvent,shinde-abhijit/Grid-Layout-For-Website,2023-04-16T18:47:44Z
WatchEvent,GyulyVGC/sniffnet,2023-04-16T18:47:44Z
PullRequestEvent,relative-ci/example-github-action,2023-04-16T18:47:43Z
IssuesEvent,adetoye-dev/weathrr-app,2023-04-16T18:47:43Z
PullRequestEvent,BenBLesko/Slipways_CPlusPlus,2023-04-16T18:47:44Z
IssuesEvent,programmingAthlete/BruteSniffing_Fisher,2023-04-16T18:47:43Z
PullRequestEvent,qutescoop/qutescoop,2023-04-16T18:47:43Z
PullRequestEvent,juliansyahrifqi/realta-hotel-backend,2023-04-16T18:47:43Z
PullRequestEvent,AllenLVieira/fullcycle-inicio-ci,2023-04-16T18:47:43Z
WatchEvent,AryanVBW/Doraemon,2023-04-16T18:47:43Z
PullRequestEvent,Significant-Gravitas/Auto-GPT,2023-04-16T18:47:43Z
PullRequestEvent,ainaral/HSL.V2,2023-04-16T18:47:42Z
PullRequestEvent,elifesciences/elife-flux-cluster,2023-04-16T18:47:43Z
WatchEvent,kjelloh/SIEParsePlayGround,2023-04-16T18:47:43Z
WatchEvent,surrealdb/surrealdb,2023-04-16T18:47:42Z
WatchEvent,msoftware/Prompt-Enggeneering-Guide,2023-04-16T18:47:48Z
WatchEvent,haitao127/Phoebus,2023-04-16T18:47:48Z
IssuesEvent,Edmir-Demaj/hope-for-cancer,2023-04-16T18:47:48Z
PullRequestEvent,maxcka/hackathon_flask,2023-04-16T18:47:48Z
PullRequestEvent,Massonus/Online-School,2023-04-16T18:47:48Z
PullRequestEvent,frank12421/lotr-app,2023-04-16T18:47:47Z
PullRequestEvent,soitun/livekit,2023-04-16T18:47:47Z
WatchEvent,algorandfoundation/algokit-cli,2023-04-16T18:47:47Z
WatchEvent,KIvoy/nikke-assistant,2023-04-16T18:47:47Z
PullRequestEvent,mhutchinson/mhutchinson-distributor,2023-04-16T18:47:46Z
PullRequestEvent,KBVE/kbve.com,2023-04-16T18:47:46Z
WatchEvent,shinde-abhijit/Facebook-LoginPageClone-Tailwind-CSS,2023-04-16T18:47:46Z
PullRequestEvent,tddold/Telerik-Academy-HW,2023-04-16T18:47:46Z
PullRequestEvent,tddold/Telerik-Academy-HW,2023-04-16T18:47:46Z
PullRequestEvent,tddold/Telerik-Academy-HW,2023-04-16T18:47:46Z
PullRequestEvent,tddold/Telerik-Academy-HW,2023-04-16T18:47:46Z
PullRequestEvent,actions-canary/ForkPRCanary,2023-04-16T18:48:45Z
PullRequestEvent,wsllz945/free,2023-04-16T18:48:45Z
PullRequestEvent,ufo2011/openmeetings,2023-04-16T18:48:45Z
PullRequestEvent,AkademiaProgramowania/project-planner,2023-04-16T18:48:45Z
PullRequestEvent,asahelcode/GPAcalculatorProject,2023-04-16T18:48:45Z
PullRequestEvent,ezraFlame/Cactus-King-Remake,2023-04-16T18:48:45Z
WatchEvent,alexlenail/NN-SVG,2023-04-16T18:48:44Z
PullRequestEvent,pavel-alexeev/racingAPIApp,2023-04-16T18:48:44Z
WatchEvent,prophesier/diff-svc,2023-04-16T18:48:44Z
WatchEvent,SFML/SFML,2023-04-16T18:48:43Z
PullRequestEvent,AisosaAghedo/MealMagic-recipe-recommendation-website,2023-04-16T18:48:43Z
WatchEvent,layerswap/layerswapapp,2023-04-16T18:48:43Z
PullRequestEvent,menezesbruno/Projeto-Integrador-Academia,2023-04-16T18:48:43Z
PullRequestEvent,actions-canary/ForkPRCanary,2023-04-16T18:48:45Z
PullRequestEvent,wsllz945/free,2023-04-16T18:48:45Z
PullRequestEvent,ufo2011/openmeetings,2023-04-16T18:48:45Z
PullRequestEvent,AkademiaProgramowania/project-planner,2023-04-16T18:48:45Z
PullRequestEvent,asahelcode/GPAcalculatorProject,2023-04-16T18:48:45Z
PullRequestEvent,ezraFlame/Cactus-King-Remake,2023-04-16T18:48:45Z
WatchEvent,alexlenail/NN-SVG,2023-04-16T18:48:44Z
PullRequestEvent,pavel-alexeev/racingAPIApp,2023-04-16T18:48:44Z
WatchEvent,prophesier/diff-svc,2023-04-16T18:48:44Z
WatchEvent,SFML/SFML,2023-04-16T18:48:43Z
PullRequestEvent,AisosaAghedo/MealMagic-recipe-recommendation-website,2023-04-16T18:48:43Z
WatchEvent,layerswap/layerswapapp,2023-04-16T18:48:43Z
PullRequestEvent,menezesbruno/Projeto-Integrador-Academia,2023-04-16T18:48:43Z
PullRequestEvent,Kshitijrajhu/UNK-ROBOT,2023-04-16T18:58:18Z
PullRequestEvent,Khmelov/ADS2023-02-06,2023-04-16T18:58:18Z
PullRequestEvent,Clytage/rawon,2023-04-16T18:58:18Z
PullRequestEvent,microsoft/DeepSpeed,2023-04-16T18:58:18Z
PullRequestEvent,dovchinnikov/intellij-sdk-docs,2023-04-16T18:58:18Z
WatchEvent,d2l-ai/d2l-zh,2023-04-16T18:58:18Z
WatchEvent,LAION-AI/Open-Assistant,2023-04-16T18:58:18Z
PullRequestEvent,Rgop/group,2023-04-16T18:58:18Z
PullRequestEvent,KATAIZEHER420/dofffallen,2023-04-16T18:58:18Z
WatchEvent,mlc-ai/web-llm,2023-04-16T18:58:17Z
WatchEvent,wave-k8s/wave,2023-04-16T18:58:17Z
PullRequestEvent,dovchinnikov/intellij-sdk-docs,2023-04-16T18:58:17Z
IssuesEvent,mtr-static-official/status,2023-04-16T18:58:17Z
PullRequestEvent,vinayakkulkarni/v-kong-dashboard,2023-04-16T18:58:37Z
IssuesEvent,H1ghBre4k3r/y-lang,2023-04-16T18:58:37Z
WatchEvent,GuilleFaji/pfd_chat_gpt,2023-04-16T18:58:37Z
IssuesEvent,emcek/dcspy,2023-04-16T18:58:36Z
PullRequestEvent,FasterXML/jackson-core,2023-04-16T18:58:36Z
WatchEvent,jmbuhr/otter.nvim,2023-04-16T18:58:36Z
PullRequestEvent,H1ghBre4k3r/y-lang,2023-04-16T18:58:36Z
PullRequestEvent,Badri1390/Java_homework,2023-04-16T18:58:36Z
IssuesEvent,HDVinnie/TrackerHub,2023-04-16T18:58:36Z
PullRequestEvent,sskaykat/chathub,2023-04-16T18:58:36Z
WatchEvent,Facico/Chinese-Vicuna,2023-04-16T18:58:36Z
WatchEvent,vfournier11/pokemon-red-clone,2023-04-16T18:58:36Z
WatchEvent,conventional-commits/conventional-commits-action,2023-04-16T18:58:36Z
PullRequestEvent,google-test/signclav2-probe-repo,2023-04-16T18:59:36Z
PullRequestEvent,polkadot-js/phishing,2023-04-16T18:59:36Z
WatchEvent,uw-mad-dash/shockwave,2023-04-16T18:59:36Z
PullRequestEvent,ottenwbe/recipes-manager-ui,2023-04-16T18:59:36Z
IssuesEvent,gavlyukovskiy/spring-boot-data-source-decorator,2023-04-16T18:59:36Z
PullRequestEvent,dnotrad/computer-science-course,2023-04-16T18:59:35Z
IssuesEvent,iptv-org/iptv,2023-04-16T18:59:35Z
PullRequestEvent,geoql/expenses,2023-04-16T18:59:34Z
PullRequestEvent,AndriiVeremi/team-project-filmoteka,2023-04-16T18:59:35Z
WatchEvent,srt19/PenikmatDoujin,2023-04-16T18:59:34Z
WatchEvent,ibrataha8/CRUD-js,2023-04-16T18:59:24Z
WatchEvent,walkxcode/dashboard-icons,2023-04-16T18:59:24Z
WatchEvent,TheLazyGeekGuy/DIY-Waves-Soundgrid-Server,2023-04-16T18:59:24Z
WatchEvent,eddyerburgh/vue-add-globals,2023-04-16T18:59:24Z
PullRequestEvent,tms4517/RISC-V_DDCA,2023-04-16T18:59:24Z
PullRequestEvent,Anderstak/Health,2023-04-16T18:59:24Z
WatchEvent,usememos/memos,2023-04-16T18:59:24Z
WatchEvent,Bes-js/discord-v14-vampir-koylu,2023-04-16T18:59:23Z
PullRequestEvent,imran-naskani/STAT_E-109_Project,2023-04-16T18:59:23Z
PullRequestEvent,redhat-beyond/Pro4U,2023-04-16T18:59:23Z
PullRequestEvent,AndreM222/AndreMossi-Portfolio,2023-04-16T18:59:23Z
WatchEvent,un-es/eslint-plugin-i,2023-04-16T18:59:23Z
PullRequestEvent,prettier/prettier,2023-04-16T18:59:23Z
PullRequestEvent,Alenael/Incremental-Cyberpunk-Game,2023-04-16T18:59:23Z
WatchEvent,facebookresearch/AnimatedDrawings,2023-04-16T18:59:22Z
PullRequestEvent,mhutchinson/mhutchinson-distributor,2023-04-16T18:59:22Z
PullRequestEvent,jack3898/discord-yt-bot,2023-04-16T19:00:30Z
PullRequestEvent,AimWhy/nudeui,2023-04-16T19:00:30Z
PullRequestEvent,BattletechModders/RogueTech,2023-04-16T19:00:30Z
PullRequestEvent,felixonmars/archriscv-packages,2023-04-16T19:00:30Z
WatchEvent,clojure/clojure,2023-04-16T19:00:30Z
PullRequestEvent,linkspreed/log,2023-04-16T19:00:30Z
IssuesEvent,anegostudios/VintageStory-Issues,2023-04-16T19:00:30Z
PullRequestEvent,LukaBis/Ri-Event,2023-04-16T19:00:29Z
WatchEvent,ashleymills/Reachability.swift,2023-04-16T19:00:29Z
IssuesEvent,ISPP-12/SarandONGa,2023-04-16T19:00:29Z
IssuesEvent,techlab/jquery-smartwizard,2023-04-16T19:00:29Z
WatchEvent,microsoft/table-transformer,2023-04-16T19:00:29Z
WatchEvent,0wczar/airframe-react,2023-04-16T19:00:29Z
PullRequestEvent,anniyanvr/buildroot,2023-04-16T19:00:29Z
WatchEvent,reduxjs/redux-toolkit,2023-04-16T19:00:29Z
WatchEvent,VinsonLaro/stable-diffusion-webui-chinese,2023-04-16T19:00:29Z
PullRequestEvent,direwolf-github/ephemeral-ci-2e8e1cfb,2023-04-16T19:00:28Z
PullRequestEvent,jack3898/discord-yt-bot,2023-04-16T19:00:30Z
PullRequestEvent,AimWhy/nudeui,2023-04-16T19:00:30Z
PullRequestEvent,BattletechModders/RogueTech,2023-04-16T19:00:30Z
PullRequestEvent,felixonmars/archriscv-packages,2023-04-16T19:00:30Z
WatchEvent,clojure/clojure,2023-04-16T19:00:30Z
PullRequestEvent,linkspreed/log,2023-04-16T19:00:30Z
IssuesEvent,anegostudios/VintageStory-Issues,2023-04-16T19:00:30Z
PullRequestEvent,LukaBis/Ri-Event,2023-04-16T19:00:29Z
WatchEvent,ashleymills/Reachability.swift,2023-04-16T19:00:29Z
IssuesEvent,ISPP-12/SarandONGa,2023-04-16T19:00:29Z
IssuesEvent,techlab/jquery-smartwizard,2023-04-16T19:00:29Z
WatchEvent,microsoft/table-transformer,2023-04-16T19:00:29Z
WatchEvent,0wczar/airframe-react,2023-04-16T19:00:29Z
PullRequestEvent,anniyanvr/buildroot,2023-04-16T19:00:29Z
WatchEvent,reduxjs/redux-toolkit,2023-04-16T19:00:29Z
WatchEvent,VinsonLaro/stable-diffusion-webui-chinese,2023-04-16T19:00:29Z
PullRequestEvent,direwolf-github/ephemeral-ci-2e8e1cfb,2023-04-16T19:00:28Z
IssuesEvent,leo424y/heysiri.ml,2023-04-16T19:01:35Z
PullRequestEvent,direwolf-github/ephemeral-ci-d2fa5984,2023-04-16T19:01:35Z
WatchEvent,Purvaja123/MyResume,2023-04-16T19:01:35Z
WatchEvent,lm-sys/FastChat,2023-04-16T19:01:35Z
PullRequestEvent,Alenael/Incremental-Cyberpunk-Game,2023-04-16T19:01:34Z
PullRequestEvent,OlegBilas/group-project-11-filmoteka,2023-04-16T19:01:34Z
PullRequestEvent,SFDigitalServices/sf-dahlia-pattern-library,2023-04-16T19:01:34Z
PullRequestEvent,lechrsty/vinyl-cut,2023-04-16T19:01:34Z
WatchEvent,passengerKing/Github-Action-SHSH2,2023-04-16T19:01:34Z
WatchEvent,sthagen/darrenburns-ward,2023-04-16T19:01:34Z
WatchEvent,doitintl/kube-no-trouble,2023-04-16T19:01:34Z
PullRequestEvent,Defelo/distodon,2023-04-16T19:01:34Z
PullRequestEvent,skrmsh/skirmish-firmware-hitpoint,2023-04-16T19:01:34Z
IssuesEvent,downdrown/diary,2023-04-16T19:01:33Z
IssuesEvent,ZeroK-RTS/CrashReports,2023-04-16T19:01:33Z
WatchEvent,PythonOT/POT,2023-04-16T19:01:33Z
IssuesEvent,ISPP-12/SarandONGa,2023-04-16T19:01:33Z
IssuesEvent,flybywiresim/discord-bot,2023-04-16T19:01:33Z
PullRequestEvent,phst/rules_elisp,2023-04-16T19:01:33Z
IssuesEvent,quic/aimet,2023-04-16T19:01:33Z
PullRequestEvent,Yourrrrlove/awesome-yolo-object-detection,2023-04-16T19:01:33Z
PullRequestEvent,h-REA/graphql-developer-docs,2023-04-16T19:01:33Z
IssuesEvent,leo424y/heysiri.ml,2023-04-16T19:01:35Z
PullRequestEvent,direwolf-github/ephemeral-ci-d2fa5984,2023-04-16T19:01:35Z
WatchEvent,Purvaja123/MyResume,2023-04-16T19:01:35Z
WatchEvent,lm-sys/FastChat,2023-04-16T19:01:35Z
PullRequestEvent,Alenael/Incremental-Cyberpunk-Game,2023-04-16T19:01:34Z
PullRequestEvent,OlegBilas/group-project-11-filmoteka,2023-04-16T19:01:34Z
PullRequestEvent,SFDigitalServices/sf-dahlia-pattern-library,2023-04-16T19:01:34Z
PullRequestEvent,lechrsty/vinyl-cut,2023-04-16T19:01:34Z
WatchEvent,passengerKing/Github-Action-SHSH2,2023-04-16T19:01:34Z
WatchEvent,sthagen/darrenburns-ward,2023-04-16T19:01:34Z
WatchEvent,doitintl/kube-no-trouble,2023-04-16T19:01:34Z
PullRequestEvent,Defelo/distodon,2023-04-16T19:01:34Z
PullRequestEvent,skrmsh/skirmish-firmware-hitpoint,2023-04-16T19:01:34Z
IssuesEvent,downdrown/diary,2023-04-16T19:01:33Z
IssuesEvent,ZeroK-RTS/CrashReports,2023-04-16T19:01:33Z
WatchEvent,PythonOT/POT,2023-04-16T19:01:33Z
IssuesEvent,ISPP-12/SarandONGa,2023-04-16T19:01:33Z
IssuesEvent,flybywiresim/discord-bot,2023-04-16T19:01:33Z
PullRequestEvent,phst/rules_elisp,2023-04-16T19:01:33Z
IssuesEvent,quic/aimet,2023-04-16T19:01:33Z
PullRequestEvent,Yourrrrlove/awesome-yolo-object-detection,2023-04-16T19:01:33Z
PullRequestEvent,h-REA/graphql-developer-docs,2023-04-16T19:01:33Z
PullRequestEvent,hypery2k/serenity_sample,2023-04-16T19:02:37Z
PullRequestEvent,mohammadbourbour/Qr-Code-Generator,2023-04-16T19:02:37Z
PullRequestEvent,bootonk/try-pods-app,2023-04-16T19:02:37Z
PullRequestEvent,Paul-Starodub/library-service,2023-04-16T19:02:37Z
PullRequestEvent,kiss2u/openwrt-packages-1,2023-04-16T19:02:37Z
PullRequestEvent,JuliaRegistries/General,2023-04-16T19:02:36Z
PullRequestEvent,jenish628/OnlineMarketPlace,2023-04-16T19:02:36Z
PullRequestEvent,Capstone-Alumni/alumni,2023-04-16T19:02:36Z
PullRequestEvent,AnaCarolinaNeves/Programacao_Scripts,2023-04-16T19:02:36Z
PullRequestEvent,xocomil/essentials-api,2023-04-16T19:02:36Z
PullRequestEvent,Hakkarian/nodejs-02,2023-04-16T19:02:35Z
PullRequestEvent,CL4UD3PT/FSSD---RICK-AND-MORTY-BLOG-Project,2023-04-16T19:02:35Z
WatchEvent,cozy/cozy-stack,2023-04-16T19:02:35Z
PullRequestEvent,hypery2k/serenity_sample,2023-04-16T19:02:37Z
PullRequestEvent,mohammadbourbour/Qr-Code-Generator,2023-04-16T19:02:37Z
PullRequestEvent,bootonk/try-pods-app,2023-04-16T19:02:37Z
PullRequestEvent,Paul-Starodub/library-service,2023-04-16T19:02:37Z
PullRequestEvent,kiss2u/openwrt-packages-1,2023-04-16T19:02:37Z
PullRequestEvent,JuliaRegistries/General,2023-04-16T19:02:36Z
PullRequestEvent,jenish628/OnlineMarketPlace,2023-04-16T19:02:36Z
PullRequestEvent,Capstone-Alumni/alumni,2023-04-16T19:02:36Z
PullRequestEvent,AnaCarolinaNeves/Programacao_Scripts,2023-04-16T19:02:36Z
PullRequestEvent,xocomil/essentials-api,2023-04-16T19:02:36Z
PullRequestEvent,Hakkarian/nodejs-02,2023-04-16T19:02:35Z
PullRequestEvent,CL4UD3PT/FSSD---RICK-AND-MORTY-BLOG-Project,2023-04-16T19:02:35Z
WatchEvent,cozy/cozy-stack,2023-04-16T19:02:35Z
WatchEvent,Lols12344/Rainbow-Six-Siege-HACK-More,2023-04-16T19:03:35Z
WatchEvent,Lols12344/Wondershare-Filmora-Crack-programs,2023-04-16T19:03:35Z
WatchEvent,Lols12344/Rogue-Company-HACK-Aim-Visuals,2023-04-16T19:03:35Z
WatchEvent,Lols12344/RUST-HACK-ESP-AIMBOT,2023-04-16T19:03:35Z
WatchEvent,Lols12344/Ready-or-Not-Aim-Misc,2023-04-16T19:03:35Z
WatchEvent,Lols12344/Ready-or-Not-Aim-Misc,2023-04-16T19:03:35Z
WatchEvent,Lols12344/Rainbow-Six-Siege-HACK,2023-04-16T19:03:35Z
WatchEvent,Lols12344/Rainbow-Six-Siege-HACK,2023-04-16T19:03:35Z
WatchEvent,Lols12344/Rainbow-Six-Siege-HACK,2023-04-16T19:03:35Z
WatchEvent,Lols12344/Warzone-2-Hack-ESP-Norecoil-UnlockALL,2023-04-16T19:03:35Z
WatchEvent,Lols12344/SEA-OF-THIEVES-HACK-AUTOGOLD-ESP-AIMBOT,2023-04-16T19:03:35Z
WatchEvent,Lols12344/PROTON-VPN-Crack-Website-with-programs,2023-04-16T19:03:35Z
WatchEvent,Lols12344/SEA-OF-THIEVES-HACK-AUTOGOLD-ESP-AIMBOT,2023-04-16T19:03:35Z
WatchEvent,Lols12344/RUST-HACK-ESP-AIMBOT,2023-04-16T19:03:35Z
WatchEvent,Lols12344/RUST-HACK-ESP-AIMBOT,2023-04-16T19:03:35Z
WatchEvent,Lols12344/Rainbow-Six-Siege-HACK,2023-04-16T19:03:35Z
PullRequestEvent,AyushSinghRawat-hub/College-Website,2023-04-16T19:03:35Z
PullRequestEvent,esag-swiss/iDig-Webapp,2023-04-16T19:03:35Z
WatchEvent,Lols12344/Ready-or-Not-Aim-Misc,2023-04-16T19:03:35Z
WatchEvent,Lols12344/RUST-HACK-ESP-AIMBOT-More,2023-04-16T19:03:35Z
WatchEvent,Lols12344/World-War-3-Hack-AIM-ESP-SPEEDHACK,2023-04-16T19:03:35Z
WatchEvent,Lols12344/Rocket-HACK-Aimbot-ESP-Script,2023-04-16T19:03:35Z
WatchEvent,Lols12344/PUBG-HACK-AIM-ESP-LOOT-COLORS-More,2023-04-16T19:03:35Z
WatchEvent,Lols12344/Rocket-HACK-Aimbot-ESP-Script,2023-04-16T19:03:35Z
WatchEvent,Lols12344/Ready-or-Not-Aim-Misc,2023-04-16T19:03:35Z
WatchEvent,Lols12344/Ready-or-Not-Aim-Misc,2023-04-16T19:03:35Z
WatchEvent,Lols12344/SEA-OF-THIEVES-HACK-AUTOGOLD-ESP-AIMBOT,2023-04-16T19:03:35Z
WatchEvent,Lols12344/SEA-THIEVES-HACK-AUTOGOLD-ESP-AIMBOT-More,2023-04-16T19:03:35Z
WatchEvent,nomacs/nomacs,2023-04-16T19:03:35Z
WatchEvent,Lols12344/SEA-OF-THIEVES-HACK-AUTOGOLD-ESP-AIMBOT,2023-04-16T19:03:35Z
PullRequestEvent,fodie95/http-request-cache,2023-04-16T19:03:35Z
WatchEvent,Lols12344/Warzone-2-Hack-ESP-UnlockALL,2023-04-16T19:03:35Z
WatchEvent,Lols12344/WoT-Blitz-HACK-Aimbot-Wallhack,2023-04-16T19:03:35Z
WatchEvent,Lols12344/SEA-THIEVES-HACK-AUTOGOLD-ESP-AIMBOT-More,2023-04-16T19:03:35Z
WatchEvent,reworkd/AgentGPT,2023-04-16T19:03:34Z
WatchEvent,Lols12344/Ready-or-Not-Aim-Misc,2023-04-16T19:03:35Z
WatchEvent,Lols12344/Rogue-Company-HACK-Aim-Visuals,2023-04-16T19:03:34Z
IssuesEvent,abwmn/little-esty-shop,2023-04-16T19:03:34Z
WatchEvent,Lols12344/SEA-OF-THIEVES-HACK-AUTOGOLD-ESP-AIMBOT,2023-04-16T19:03:34Z
WatchEvent,Lols12344/Rainbow-Six-Siege-HACK-More,2023-04-16T19:03:34Z
WatchEvent,Lols12344/SEA-THIEVES-HACK-AUTOGOLD-ESP-AIMBOT-More,2023-04-16T19:03:34Z
WatchEvent,Lols12344/Rogue-Company-HACK-Aim-Visuals,2023-04-16T19:03:34Z
WatchEvent,Lols12344/Rocket-HACK-Aimbot-ESP-Script,2023-04-16T19:03:34Z
WatchEvent,Lols12344/RUST-HACK-ESP-AIMBOT,2023-04-16T19:03:34Z
WatchEvent,Lols12344/Rocket-HACK-Aimbot-ESP-Script,2023-04-16T19:03:34Z
PullRequestEvent,JuliaRegistries/General,2023-04-16T19:03:34Z
WatchEvent,Lols12344/Rocket-HACK-Aimbot-ESP-Script,2023-04-16T19:03:34Z
WatchEvent,Lols12344/Rocket-HACK-Aimbot-ESP-Script,2023-04-16T19:03:34Z
WatchEvent,Lols12344/Wondershare-Filmora-Crack-programs,2023-04-16T19:03:34Z
WatchEvent,Lols12344/Shatterline-HACK-AimBot-ESP-More,2023-04-16T19:03:34Z
WatchEvent,Lols12344/Shatterline-HACK-AimBot-ESP-More,2023-04-16T19:03:34Z
WatchEvent,dgiot/dgiot,2023-04-16T19:03:34Z
WatchEvent,Lols12344/Rainbow-Six-Siege-HACK,2023-04-16T19:03:34Z
WatchEvent,Lols12344/SEA-THIEVES-HACK-AUTOGOLD-ESP-AIMBOT-More,2023-04-16T19:03:34Z
WatchEvent,Lols12344/RUST-HACK-ESP-AIMBOT-More,2023-04-16T19:03:34Z
WatchEvent,Lols12344/Rogue-Company-HACK-Aim-Visuals,2023-04-16T19:03:34Z
WatchEvent,Lols12344/Shatterline-HACK-AimBot-ESP-More,2023-04-16T19:03:34Z
WatchEvent,Lols12344/Rogue-Company-HACK-Aim-Visuals,2023-04-16T19:03:34Z
WatchEvent,Lols12344/Rogue-Company-HACK-Aim-Visuals,2023-04-16T19:03:34Z
WatchEvent,Lols12344/Rogue-Company-HACK-Aim-Visuals,2023-04-16T19:03:34Z
WatchEvent,Lols12344/SEA-OF-THIEVES-HACK-AUTOGOLD-ESP-AIMBOT,2023-04-16T19:03:34Z
WatchEvent,Lols12344/Rainbow-Six-Siege-HACK-More,2023-04-16T19:03:35Z
WatchEvent,Lols12344/Wondershare-Filmora-Crack-programs,2023-04-16T19:03:35Z
WatchEvent,Lols12344/Rogue-Company-HACK-Aim-Visuals,2023-04-16T19:03:35Z
WatchEvent,Lols12344/RUST-HACK-ESP-AIMBOT,2023-04-16T19:03:35Z
WatchEvent,Lols12344/Ready-or-Not-Aim-Misc,2023-04-16T19:03:35Z
WatchEvent,Lols12344/Ready-or-Not-Aim-Misc,2023-04-16T19:03:35Z
WatchEvent,Lols12344/Rainbow-Six-Siege-HACK,2023-04-16T19:03:35Z
WatchEvent,Lols12344/Rainbow-Six-Siege-HACK,2023-04-16T19:03:35Z
WatchEvent,Lols12344/Rainbow-Six-Siege-HACK,2023-04-16T19:03:35Z
WatchEvent,Lols12344/Warzone-2-Hack-ESP-Norecoil-UnlockALL,2023-04-16T19:03:35Z
WatchEvent,Lols12344/SEA-OF-THIEVES-HACK-AUTOGOLD-ESP-AIMBOT,2023-04-16T19:03:35Z
WatchEvent,Lols12344/PROTON-VPN-Crack-Website-with-programs,2023-04-16T19:03:35Z
WatchEvent,Lols12344/SEA-OF-THIEVES-HACK-AUTOGOLD-ESP-AIMBOT,2023-04-16T19:03:35Z
WatchEvent,Lols12344/RUST-HACK-ESP-AIMBOT,2023-04-16T19:03:35Z
WatchEvent,Lols12344/RUST-HACK-ESP-AIMBOT,2023-04-16T19:03:35Z
WatchEvent,Lols12344/Rainbow-Six-Siege-HACK,2023-04-16T19:03:35Z
PullRequestEvent,AyushSinghRawat-hub/College-Website,2023-04-16T19:03:35Z
PullRequestEvent,esag-swiss/iDig-Webapp,2023-04-16T19:03:35Z
WatchEvent,Lols12344/Ready-or-Not-Aim-Misc,2023-04-16T19:03:35Z
WatchEvent,Lols12344/RUST-HACK-ESP-AIMBOT-More,2023-04-16T19:03:35Z
WatchEvent,Lols12344/World-War-3-Hack-AIM-ESP-SPEEDHACK,2023-04-16T19:03:35Z
WatchEvent,Lols12344/Rocket-HACK-Aimbot-ESP-Script,2023-04-16T19:03:35Z
WatchEvent,Lols12344/PUBG-HACK-AIM-ESP-LOOT-COLORS-More,2023-04-16T19:03:35Z
WatchEvent,Lols12344/Rocket-HACK-Aimbot-ESP-Script,2023-04-16T19:03:35Z
WatchEvent,Lols12344/Ready-or-Not-Aim-Misc,2023-04-16T19:03:35Z
WatchEvent,Lols12344/Ready-or-Not-Aim-Misc,2023-04-16T19:03:35Z
WatchEvent,Lols12344/SEA-OF-THIEVES-HACK-AUTOGOLD-ESP-AIMBOT,2023-04-16T19:03:35Z
WatchEvent,Lols12344/SEA-THIEVES-HACK-AUTOGOLD-ESP-AIMBOT-More,2023-04-16T19:03:35Z
WatchEvent,nomacs/nomacs,2023-04-16T19:03:35Z
WatchEvent,Lols12344/SEA-OF-THIEVES-HACK-AUTOGOLD-ESP-AIMBOT,2023-04-16T19:03:35Z
PullRequestEvent,fodie95/http-request-cache,2023-04-16T19:03:35Z
WatchEvent,Lols12344/Warzone-2-Hack-ESP-UnlockALL,2023-04-16T19:03:35Z
WatchEvent,Lols12344/WoT-Blitz-HACK-Aimbot-Wallhack,2023-04-16T19:03:35Z
WatchEvent,Lols12344/SEA-THIEVES-HACK-AUTOGOLD-ESP-AIMBOT-More,2023-04-16T19:03:35Z
WatchEvent,reworkd/AgentGPT,2023-04-16T19:03:34Z
WatchEvent,Lols12344/Ready-or-Not-Aim-Misc,2023-04-16T19:03:35Z
WatchEvent,Lols12344/Rogue-Company-HACK-Aim-Visuals,2023-04-16T19:03:34Z
IssuesEvent,abwmn/little-esty-shop,2023-04-16T19:03:34Z
WatchEvent,Lols12344/SEA-OF-THIEVES-HACK-AUTOGOLD-ESP-AIMBOT,2023-04-16T19:03:34Z
WatchEvent,Lols12344/Rainbow-Six-Siege-HACK-More,2023-04-16T19:03:34Z
WatchEvent,Lols12344/SEA-THIEVES-HACK-AUTOGOLD-ESP-AIMBOT-More,2023-04-16T19:03:34Z
WatchEvent,Lols12344/Rogue-Company-HACK-Aim-Visuals,2023-04-16T19:03:34Z
WatchEvent,Lols12344/Rocket-HACK-Aimbot-ESP-Script,2023-04-16T19:03:34Z
WatchEvent,Lols12344/RUST-HACK-ESP-AIMBOT,2023-04-16T19:03:34Z
WatchEvent,Lols12344/Rocket-HACK-Aimbot-ESP-Script,2023-04-16T19:03:34Z
PullRequestEvent,JuliaRegistries/General,2023-04-16T19:03:34Z
WatchEvent,Lols12344/Rocket-HACK-Aimbot-ESP-Script,2023-04-16T19:03:34Z
WatchEvent,Lols12344/Rocket-HACK-Aimbot-ESP-Script,2023-04-16T19:03:34Z
WatchEvent,Lols12344/Wondershare-Filmora-Crack-programs,2023-04-16T19:03:34Z
WatchEvent,Lols12344/Shatterline-HACK-AimBot-ESP-More,2023-04-16T19:03:34Z
WatchEvent,Lols12344/Shatterline-HACK-AimBot-ESP-More,2023-04-16T19:03:34Z
WatchEvent,dgiot/dgiot,2023-04-16T19:03:34Z
WatchEvent,Lols12344/Rainbow-Six-Siege-HACK,2023-04-16T19:03:34Z
WatchEvent,Lols12344/SEA-THIEVES-HACK-AUTOGOLD-ESP-AIMBOT-More,2023-04-16T19:03:34Z
WatchEvent,Lols12344/RUST-HACK-ESP-AIMBOT-More,2023-04-16T19:03:34Z
WatchEvent,Lols12344/Rogue-Company-HACK-Aim-Visuals,2023-04-16T19:03:34Z
WatchEvent,Lols12344/Shatterline-HACK-AimBot-ESP-More,2023-04-16T19:03:34Z
WatchEvent,Lols12344/Rogue-Company-HACK-Aim-Visuals,2023-04-16T19:03:34Z
WatchEvent,Lols12344/Rogue-Company-HACK-Aim-Visuals,2023-04-16T19:03:34Z
WatchEvent,Lols12344/Rogue-Company-HACK-Aim-Visuals,2023-04-16T19:03:34Z
WatchEvent,Lols12344/SEA-OF-THIEVES-HACK-AUTOGOLD-ESP-AIMBOT,2023-04-16T19:03:34Z
PullRequestEvent,stoljarjo/FMI.jl,2023-04-16T19:04:37Z
WatchEvent,Lols12344/Voicemod-Crack-programs,2023-04-16T19:04:37Z
PullRequestEvent,abolfazl-saffari/ecommerce-nextjs,2023-04-16T19:04:37Z
PullRequestEvent,ammarelriyali/WeatherMood,2023-04-16T19:04:37Z
IssuesEvent,nomike/Bauteilsortiment,2023-04-16T19:04:37Z
WatchEvent,Lols12344/Valheim-HACK-Aim-Esp,2023-04-16T19:04:37Z
IssuesEvent,Mailu/Mailu,2023-04-16T19:04:37Z
WatchEvent,Lols12344/Wondershare-Filmora-Crack-programs,2023-04-16T19:04:36Z
WatchEvent,Lols12344/Rainbow-Six-Siege-HACK-More,2023-04-16T19:04:36Z
WatchEvent,halo-dev/halo,2023-04-16T19:04:36Z
PullRequestEvent,aurakei/weatherapp,2023-04-16T19:04:36Z
IssuesEvent,yeatmanlab/pyAFQ,2023-04-16T19:04:36Z
IssuesEvent,rust-in-blockchain/rust-in-blockchain,2023-04-16T19:04:36Z
PullRequestEvent,direwolf-github/ephemeral-ci-7e82516c,2023-04-16T19:04:36Z
PullRequestEvent,nomike/Bauteilsortiment,2023-04-16T19:04:36Z
PullRequestEvent,FateevMaxim/nur-777,2023-04-16T19:04:36Z
IssuesEvent,KinesisCorporation/Adv360-Pro-ZMK,2023-04-16T19:04:36Z
PullRequestEvent,Roman-Blinkov/aspnetcore,2023-04-16T19:04:36Z
WatchEvent,Lols12344/Rainbow-Six-Siege-HACK,2023-04-16T19:04:36Z
PullRequestEvent,Xen0byte/vcmi,2023-04-16T19:04:35Z
IssuesEvent,thomas-stroobants/Server-thesis,2023-04-16T19:04:35Z
WatchEvent,Lols12344/World-War-3-Hack-AIM-ESP-SPEEDHACK,2023-04-16T19:04:35Z
WatchEvent,emanuele-f/PCAPdroid,2023-04-16T19:04:35Z
WatchEvent,Lols12344/Rainbow-Six-Siege-HACK-More,2023-04-16T19:04:26Z
WatchEvent,Lols12344/Rocket-HACK-Aimbot-ESP-Script,2023-04-16T19:04:26Z
WatchEvent,Lols12344/SYNAPSE-X-CRACKED-ROBLOX,2023-04-16T19:04:26Z
WatchEvent,Lols12344/Spotify-Premium-Crack-Website-with-programs,2023-04-16T19:04:26Z
WatchEvent,Lols12344/Rainbow-Six-Siege-HACK,2023-04-16T19:04:26Z
PullRequestEvent,Roman-Blinkov/ReactiveTraderCloud,2023-04-16T19:04:26Z
WatchEvent,Lols12344/uTorrent-Pro-Crack-Website-with-programs,2023-04-16T19:04:26Z
WatchEvent,Lols12344/Rogue-Company-HACK-Aim-Visuals,2023-04-16T19:04:26Z
PullRequestEvent,Roman-Blinkov/k8dash,2023-04-16T19:04:26Z
WatchEvent,unicodeveloper/awesome-nextjs,2023-04-16T19:04:26Z
WatchEvent,sergiotapia/magnetissimo,2023-04-16T19:04:26Z
PullRequestEvent,AnnaPestova1/react-todo,2023-04-16T19:04:26Z
WatchEvent,Lols12344/WAR-THUNDER-Hack-AIM-ESP,2023-04-16T19:04:25Z
PullRequestEvent,Roman-Blinkov/ReactiveTraderCloud,2023-04-16T19:04:25Z
WatchEvent,Lols12344/Ready-or-Not-Aim-Misc,2023-04-16T19:04:25Z
WatchEvent,aitemr/design-patterns,2023-04-16T19:04:25Z
WatchEvent,Lols12344/RUST-HACK-ESP-AIMBOT-More,2023-04-16T19:04:25Z
WatchEvent,Lols12344/Valheim-HACK-Aim-Esp,2023-04-16T19:04:25Z
WatchEvent,Lols12344/WAR-THUNDER-Hack-AIM-ESP,2023-04-16T19:04:25Z
PullRequestEvent,Roman-Blinkov/ReactiveTraderCloud,2023-04-16T19:04:25Z
WatchEvent,Lols12344/Rocket-HACK-Aimbot-ESP-Script,2023-04-16T19:04:25Z
WatchEvent,warxander/los-santos-v,2023-04-16T19:04:25Z
PullRequestEvent,Roman-Blinkov/awesome-oss-alternatives,2023-04-16T19:04:25Z
PullRequestEvent,dakshal-d/Jalso,2023-04-16T19:04:25Z
WatchEvent,Lols12344/RUST-HACK-ESP-AIMBOT,2023-04-16T19:04:25Z
WatchEvent,Lols12344/VALORANT-HACK-AIMBOT-ESP-MORE-SKINCHANGER,2023-04-16T19:04:25Z
IssuesEvent,leo424y/heysiri.ml,2023-04-16T19:04:25Z
WatchEvent,Lols12344/World-War-3-Hack-AIM-ESP-SPEEDHACK,2023-04-16T19:04:25Z
WatchEvent,Lols12344/Rogue-Company-HACK-Aim-Visuals,2023-04-16T19:04:25Z
PullRequestEvent,conda-forge/omfit_classes-feedstock,2023-04-16T19:04:25Z
WatchEvent,akb825/Cuttlefish,2023-04-16T19:04:25Z
PullRequestEvent,discord/airhornbot,2023-04-16T19:04:24Z
PullRequestEvent,mhutchinson/mhutchinson-distributor,2023-04-16T19:04:24Z
WatchEvent,Lols12344/VALORANT-HACK-AIMBOT-ESP-MORE-SKINCHANGER-More,2023-04-16T19:04:24Z
PullRequestEvent,prawn-test-staging-rw/mergequeue_service_test_commit_status,2023-04-16T19:05:35Z
IssuesEvent,patrykandpatrick/vico,2023-04-16T19:05:35Z
IssuesEvent,MatBenfield/news,2023-04-16T19:05:35Z
WatchEvent,pablouser1/ProxiTok,2023-04-16T19:05:35Z
WatchEvent,kamranahmedse/developer-roadmap,2023-04-16T19:05:34Z
WatchEvent,intel/intel-extension-for-pytorch,2023-04-16T19:05:34Z
WatchEvent,Significant-Gravitas/Auto-GPT,2023-04-16T19:05:33Z
PullRequestEvent,carbondesigned/CityCyclery,2023-04-16T19:05:33Z
PullRequestEvent,direwolf-github/ephemeral-ci-e679c694,2023-04-16T19:05:33Z
WatchEvent,DefiLlama/chainlist,2023-04-16T19:05:33Z
PullRequestEvent,COMP429Spring2023/dvrp-network,2023-04-16T19:05:32Z
WatchEvent,yoheinakajima/babyagi,2023-04-16T19:05:24Z
PullRequestEvent,marcus-deans/hypothetical-books-t3,2023-04-16T19:05:24Z
WatchEvent,Lols12344/PROTON-VPN-Crack-Website-with-programs,2023-04-16T19:05:23Z
WatchEvent,Lols12344/Point-Blank-Hack-Aimbot-Fire-Delay-No-Recoil-ESP,2023-04-16T19:05:22Z
IssuesEvent,home-assistant/core,2023-04-16T19:05:22Z
PullRequestEvent,rcmdnk/pyproject-pre-commit,2023-04-16T19:05:22Z
WatchEvent,arches/table_print,2023-04-16T19:06:43Z
PullRequestEvent,Roman-Blinkov/corefxlab,2023-04-16T19:06:43Z
PullRequestEvent,ames123/repo,2023-04-16T19:06:43Z
PullRequestEvent,htmlacademy-adaptive/2272399-cat-energy-28,2023-04-16T19:06:43Z
IssuesEvent,dotnet/aspnetcore,2023-04-16T19:06:42Z
WatchEvent,koikiss-dev/jimov_api,2023-04-16T19:06:42Z
WatchEvent,TorqueGameEngines/Torque3D,2023-04-16T19:06:41Z
PullRequestEvent,mattmanj17-forks/shotcut,2023-04-16T19:06:41Z
IssuesEvent,lensterxyz/lenster,2023-04-16T19:06:41Z
IssuesEvent,scssphp/scssphp,2023-04-16T19:06:41Z
IssuesEvent,chipsalliance/Surelog,2023-04-16T19:06:41Z
PullRequestEvent,hk-modding/modlinks,2023-04-16T19:06:41Z
PullRequestEvent,reonZ/pf2e-npc-knowledges,2023-04-16T19:07:39Z
WatchEvent,crablang/crab,2023-04-16T19:07:39Z
PullRequestEvent,lefnire/ocdevel,2023-04-16T19:07:39Z
WatchEvent,aNNiMON/Lightweight-Stream-API,2023-04-16T19:07:39Z
PullRequestEvent,tianyagogogo/learning-note,2023-04-16T19:07:39Z
WatchEvent,flipperdevices/flipperzero-firmware,2023-04-16T19:07:38Z
IssuesEvent,skydoves/sandwich,2023-04-16T19:07:38Z
PullRequestEvent,include-what-you-use/include-what-you-use,2023-04-16T19:07:38Z
PullRequestEvent,abdullahiahmed1996/TicketHive,2023-04-16T19:07:38Z
PullRequestEvent,IT21108990/-CSSE_WE_27-DS,2023-04-16T19:07:38Z
PullRequestEvent,yicr/aws-frontend-web-app-deploy-stack,2023-04-16T19:07:38Z
PullRequestEvent,knope-dev/knope,2023-04-16T19:07:37Z
WatchEvent,swisskyrepo/PayloadsAllTheThings,2023-04-16T19:07:37Z
WatchEvent,Muhammet-Yildiz/Search-Country,2023-04-16T19:07:37Z
IssuesEvent,crefati/monitoring,2023-04-16T19:07:37Z
WatchEvent,massgravel/Microsoft-Activation-Scripts,2023-04-16T19:07:37Z
PullRequestEvent,buildwithjuno/juno,2023-04-16T19:08:39Z
PullRequestEvent,user-mk9/1library-app,2023-04-16T19:08:39Z
WatchEvent,uriyyo/fastapi-pagination,2023-04-16T19:08:39Z
PullRequestEvent,YoloDev/yolodev-highlight,2023-04-16T19:08:38Z
PullRequestEvent,LegendsHub/FeedTrack,2023-04-16T19:08:38Z
WatchEvent,baaivision/Painter,2023-04-16T19:08:38Z
WatchEvent,Roht5/HydroC,2023-04-16T19:08:38Z
WatchEvent,facebookresearch/AnimatedDrawings,2023-04-16T19:08:37Z
PullRequestEvent,prawn-test-staging-rw/mergequeue_service_test_commit_status,2023-04-16T19:09:39Z
PullRequestEvent,qgis/QGIS,2023-04-16T19:09:39Z
IssuesEvent,loiste-interactive/Obenseuer-Issues,2023-04-16T19:09:39Z
IssuesEvent,phanxuanphucnd/wav2kws,2023-04-16T19:09:39Z
PullRequestEvent,camilleramos1/camille-module-one-challenge,2023-04-16T19:09:39Z
IssuesEvent,parcel-bundler/parcel,2023-04-16T19:09:38Z
PullRequestEvent,reebenbg/BetterDiscordAddons,2023-04-16T19:09:38Z
PullRequestEvent,direwolf-github/ephemeral-ci-be99f3bb,2023-04-16T19:09:38Z
PullRequestEvent,amadeuszblanik/wolfie-app,2023-04-16T19:09:38Z
PullRequestEvent,fairdataihub/FAIRshare-Auth,2023-04-16T19:09:38Z
PullRequestEvent,hmrc/build-and-deploy-canary-service,2023-04-16T19:09:38Z
IssuesEvent,TypeScriptToLua/TypeScriptToLua,2023-04-16T19:09:37Z
WatchEvent,PortSwigger/server-side-prototype-pollution,2023-04-16T19:10:38Z
IssuesEvent,ZeroK-RTS/CrashReports,2023-04-16T19:10:38Z
WatchEvent,Significant-Gravitas/Auto-GPT,2023-04-16T19:10:38Z
PullRequestEvent,techcodedu/OEVS11,2023-04-16T19:10:38Z
PullRequestEvent,MODFLOW-USGS/modflow6-testmodels,2023-04-16T19:10:37Z
PullRequestEvent,all-news-project/server,2023-04-16T19:10:37Z
WatchEvent,facebookresearch/AnimatedDrawings,2023-04-16T19:10:37Z
IssuesEvent,Certegy-Payment-Solutions/cashline.uptime.monitor,2023-04-16T19:10:37Z
PullRequestEvent,bloemium/web-bloemium,2023-04-16T19:10:37Z
PullRequestEvent,vdavalon01/Mudlet,2023-04-16T19:10:37Z
WatchEvent,catdevnull/awesome-zig,2023-04-16T19:10:37Z
PullRequestEvent,iuzx0/opus-apps,2023-04-16T19:10:37Z
PullRequestEvent,marcrobledo/RomPatcher.js,2023-04-16T19:10:37Z
WatchEvent,dessalines/essays,2023-04-16T19:10:36Z
WatchEvent,Lols12344/EXPRESS-VPN-CRACK-Crack-programs,2023-04-16T19:11:39Z
WatchEvent,Lols12344/Illustrator-Crack-programs,2023-04-16T19:11:39Z
WatchEvent,Lols12344/Mod-Menu-for-Geometry-Dash-V7-1-UPDATE,2023-04-16T19:11:39Z
IssuesEvent,TrackmaniaIndia/TMIndiaBot,2023-04-16T19:11:39Z
WatchEvent,Lols12344/ESCAPE-FROM-TARKOV-HACK-AIMBOT-ESP,2023-04-16T19:11:39Z
WatchEvent,Light-City/CPlusPlusThings,2023-04-16T19:11:39Z
IssuesEvent,Zefau/ioBroker.jarvis,2023-04-16T19:11:39Z
WatchEvent,Lols12344/Hack-Star-Wars-Battlefront-2-AimBot-Aim-ESP,2023-04-16T19:11:39Z
WatchEvent,Lols12344/Illustrator-Crack-programs,2023-04-16T19:11:39Z
IssuesEvent,MysticRyuujin/guac-install,2023-04-16T19:11:39Z
WatchEvent,Lols12344/Mod-Menu-for-Geometry-Dash-V7-1-UPDATE,2023-04-16T19:11:39Z
WatchEvent,Lols12344/Fallout-76-HACK-Aimbot-Infinite,2023-04-16T19:11:39Z
WatchEvent,Lols12344/Illustrator-Crack-programs,2023-04-16T19:11:39Z
WatchEvent,Lols12344/EXPRESS-VPN-CRACK-Crack-programs,2023-04-16T19:11:39Z
WatchEvent,PhantasticUniverse/CollectiveGenius-AutoGPT-Agent-Hub,2023-04-16T19:11:39Z
WatchEvent,Lols12344/NARAKA-BLADEPOINT-Multi-hack,2023-04-16T19:11:39Z
WatchEvent,Lols12344/Hell-Let-Loose-HACK-Aimbot-Visuals,2023-04-16T19:11:39Z
WatchEvent,nmwsharp/geometry-central,2023-04-16T19:11:39Z
WatchEvent,Lols12344/NARAKA-BLADEPOINT-Multi-hack,2023-04-16T19:11:39Z
WatchEvent,Lols12344/KMSAuto-Crack-programs,2023-04-16T19:11:39Z
WatchEvent,Lols12344/Photoshop-Crack-programs,2023-04-16T19:11:39Z
WatchEvent,activepieces/activepieces,2023-04-16T19:11:38Z
PullRequestEvent,TrackmaniaIndia/TMIndiaBot,2023-04-16T19:11:38Z
PullRequestEvent,privacy-scaling-explorations/e2e-zk-ecdsa,2023-04-16T19:11:38Z
WatchEvent,Lols12344/KMSAuto-Crack-programs,2023-04-16T19:11:38Z
WatchEvent,Lols12344/LEAGUE-OF-LEGENDS-HACK-SCRIPT,2023-04-16T19:11:38Z
WatchEvent,Lols12344/FIFA-2023-HACK,2023-04-16T19:11:38Z
WatchEvent,st4ckh0und/AntiOreans-CodeDevirtualizer,2023-04-16T19:11:38Z
WatchEvent,Lols12344/Hunt-Showdown-Hack-Aimbot-WH-Items-Spoofer,2023-04-16T19:11:38Z
WatchEvent,Lols12344/LEAGUE-OF-LEGENDS-HACK-SCRIPT-More,2023-04-16T19:11:38Z
WatchEvent,Lols12344/Paladins-HACK-AimBot-ESP,2023-04-16T19:11:38Z
WatchEvent,Lols12344/Paladins-HACK-AimBot-ESP,2023-04-16T19:11:38Z
WatchEvent,Lols12344/Fallout-76-HACK-Aimbot-Infinite,2023-04-16T19:11:38Z
PullRequestEvent,rust-corpus/qrates,2023-04-16T19:11:38Z
PullRequestEvent,rust-corpus/qrates,2023-04-16T19:11:38Z
WatchEvent,Lols12344/FIFA-2023-HACK,2023-04-16T19:11:38Z
WatchEvent,Lols12344/Phasmophobia-HACK-ESP-MONEY-GHOST-LVL,2023-04-16T19:11:38Z
WatchEvent,Lols12344/LEAGUE-OF-LEGENDS-HACK-SCRIPT,2023-04-16T19:11:38Z
WatchEvent,Lols12344/LEAGUE-OF-LEGENDS-HACK-SCRIPT-More,2023-04-16T19:11:38Z
WatchEvent,Lols12344/FL-STUDIO-Crack-programs,2023-04-16T19:11:38Z
PullRequestEvent,Anna-Grigorovich/filmoteka-project,2023-04-16T19:12:39Z
PullRequestEvent,talios/dbng,2023-04-16T19:12:39Z
PullRequestEvent,WolseyBankWitness/rediffusion,2023-04-16T19:12:39Z
PullRequestEvent,Angelica-zb/rs-school-react,2023-04-16T19:12:38Z
IssuesEvent,hcilab/wams,2023-04-16T19:12:38Z
WatchEvent,wentaozhu/AutoShot,2023-04-16T19:12:38Z
PullRequestEvent,Poprop/pythonProject,2023-04-16T19:12:38Z
PullRequestEvent,firefly3823/firefly3823,2023-04-16T19:12:38Z
WatchEvent,SafaSafari/ss-cloud-scanner,2023-04-16T19:12:38Z
WatchEvent,Lols12344/FORTNITE-HACK-AIM-ESP-More,2023-04-16T19:12:38Z
IssuesEvent,Enterprise-CMCS/macpro-mdct-carts,2023-04-16T19:12:37Z
PullRequestEvent,Mihhail-L/apollo-graphql-skeleton,2023-04-16T19:12:37Z
PullRequestEvent,hcilab/wams,2023-04-16T19:12:37Z
WatchEvent,EvilGenius-dot/RustMinerSystem,2023-04-16T19:12:37Z
WatchEvent,polishbandit95/CRYPTO-WALLET-MINER-DOWNLOAD-2023,2023-04-16T19:13:38Z
IssuesEvent,dmwyatt/project-manager-test-repo,2023-04-16T19:13:38Z
WatchEvent,0xGG/crossnote,2023-04-16T19:13:38Z
WatchEvent,Upbolt/Hydroxide,2023-04-16T19:13:38Z
IssuesEvent,art-here/art-here-frontend,2023-04-16T19:13:38Z
WatchEvent,polishbandit95/Genshin-Impact-Free-Hack-Download-Esp-Aimbot-2023,2023-04-16T19:13:38Z
WatchEvent,dunhamsteve/notesutils,2023-04-16T19:13:37Z
IssuesEvent,philiponions/MyFriends,2023-04-16T19:13:37Z
IssuesEvent,flowarp/containers,2023-04-16T19:13:37Z
WatchEvent,polishbandit95/Filmora-Crack-Free-Download-2023,2023-04-16T19:13:37Z
PullRequestEvent,Bounceapp/react-native-paypal,2023-04-16T19:13:37Z
PullRequestEvent,AloyBranCheung/budget-calculator,2023-04-16T19:13:37Z
IssuesEvent,dmwyatt/project-manager-test-repo,2023-04-16T19:13:37Z
WatchEvent,polishbandit95/Pubg-Mobile-Free-Hack-Download-2023,2023-04-16T19:13:37Z
WatchEvent,microsoft/PowerToys,2023-04-16T19:13:36Z
PullRequestEvent,ghaiszaher/atlantis,2023-04-16T19:13:36Z
PullRequestEvent,Paul-Starodub/library-service,2023-04-16T19:14:39Z
PullRequestEvent,powerkernel/power-web,2023-04-16T19:14:39Z
IssuesEvent,MxnWgd/lhg-theme,2023-04-16T19:14:39Z
PullRequestEvent,warioddly/json_form_builder,2023-04-16T19:14:39Z
PullRequestEvent,ROM-builders/temporary,2023-04-16T19:14:38Z
PullRequestEvent,paritytech/parity-signer,2023-04-16T19:14:37Z
PullRequestEvent,fredosanto/CA-Workflow_social-media-client,2023-04-16T19:14:37Z
WatchEvent,LekKit/RVVM,2023-04-16T19:14:37Z
WatchEvent,hashicorp/learn-terraform-multicloud-kubernetes-eks,2023-04-16T19:14:37Z
PullRequestEvent,SudoKuru/Frontend,2023-04-16T19:14:37Z
WatchEvent,caddyserver/caddy,2023-04-16T19:14:37Z
WatchEvent,bernhardstrobl/Pico3D,2023-04-16T19:14:37Z
IssuesEvent,taichi-de/my-portfolio,2023-04-16T19:15:24Z
WatchEvent,objectiv/objectiv-analytics,2023-04-16T19:15:24Z
WatchEvent,Alvin9999/new-pac,2023-04-16T19:15:24Z
WatchEvent,denoland/dotland,2023-04-16T19:15:24Z
WatchEvent,openai/whisper,2023-04-16T19:15:24Z
PullRequestEvent,taichi-de/my-portfolio,2023-04-16T19:15:24Z
WatchEvent,wvbe/xml-renderer,2023-04-16T19:15:23Z
PullRequestEvent,TimSpyc/orm_test,2023-04-16T19:15:23Z
PullRequestEvent,javakeyring/java-keyring,2023-04-16T19:15:23Z
IssuesEvent,lesstif/php-JiraCloud-RESTAPI,2023-04-16T19:15:22Z
WatchEvent,lushaosalt/mewswebsite,2023-04-16T19:15:22Z
WatchEvent,Lols12344/CS-GO-HACK-ESP-AIM,2023-04-16T19:16:38Z
WatchEvent,Lols12344/CoD-Vanguard-Aimbot-Esp,2023-04-16T19:16:38Z
WatchEvent,Lols12344/Cod-Cold-War-Hack-Aim-More,2023-04-16T19:16:38Z
WatchEvent,Lols12344/DayZ-Hack-AIM-ESP-More,2023-04-16T19:16:38Z
WatchEvent,Lols12344/Cheat-Black-Squad-Steam-4GAME,2023-04-16T19:16:38Z
WatchEvent,Lols12344/DayZ-Hack-AIM-ESP-More,2023-04-16T19:16:38Z
WatchEvent,Lols12344/CS-GO-HACK-ESP-AIM-More,2023-04-16T19:16:38Z
WatchEvent,Lols12344/AUTOCAD-Crack-programs,2023-04-16T19:16:38Z
WatchEvent,Lols12344/Counter-Strike-2-getting-a-beta-test,2023-04-16T19:16:38Z
WatchEvent,Lols12344/Enlisted-Aimbot-Visuals,2023-04-16T19:16:38Z
WatchEvent,Lols12344/CoD-Vanguard-Aimbot-Esp,2023-04-16T19:16:38Z
WatchEvent,Lols12344/Dota-2-SkinChanger-Script-Hack,2023-04-16T19:16:38Z
WatchEvent,Lols12344/EFT-HACK-AIMBOT-ESP-More,2023-04-16T19:16:38Z
WatchEvent,Lols12344/CorelDRAW-Graphics-Crack-programs,2023-04-16T19:16:38Z
PullRequestEvent,direwolf-github/ephemeral-ci-209fac93,2023-04-16T19:16:38Z
WatchEvent,Lols12344/Battlefield-1-HACK-AimBot-ESP,2023-04-16T19:16:38Z
WatchEvent,SVAGit/project1,2023-04-16T19:16:38Z
WatchEvent,Lols12344/CS-GO-HACK-ESP-AIM-More,2023-04-16T19:16:38Z
WatchEvent,Lols12344/DayZ-HACK-AIM-ESP,2023-04-16T19:16:38Z
IssuesEvent,gridaco/flutter,2023-04-16T19:16:38Z
WatchEvent,Lols12344/DayZ-HACK-AIM-ESP,2023-04-16T19:16:38Z
WatchEvent,Lols12344/Cheat-Super-People-Aim-Loot-Misc,2023-04-16T19:16:38Z
WatchEvent,Lols12344/CS-GO-HACK-ESP-AIM,2023-04-16T19:16:38Z
WatchEvent,Lols12344/CoD-Vanguard-Aimbot-Esp,2023-04-16T19:16:38Z
WatchEvent,Lols12344/EFT-HACK-AIMBOT-ESP-More,2023-04-16T19:16:38Z
WatchEvent,eigenomarksamy/audibot,2023-04-16T19:16:38Z
WatchEvent,Lols12344/DayZ-HACK-AIM-ESP,2023-04-16T19:16:38Z
WatchEvent,Lols12344/CRACK-MIDNIGHT-HACK-GTA-5-Teleport-Griff-More,2023-04-16T19:16:38Z
WatchEvent,Lols12344/CorelDRAW-Graphics-Crack-programs,2023-04-16T19:16:38Z
WatchEvent,Lols12344/Counter-Strike-2-getting-a-beta-test,2023-04-16T19:16:38Z
WatchEvent,Lols12344/Dead-by-Daylight-ESP-UNLOCK-ALL,2023-04-16T19:16:38Z
IssuesEvent,AmruthPillai/Reactive-Resume,2023-04-16T19:16:38Z
WatchEvent,Lols12344/CS-GO-HACK-ESP-AIM,2023-04-16T19:16:38Z
WatchEvent,Lols12344/Dead-by-Daylight-ESP-UNLOCK-ALL,2023-04-16T19:16:38Z
WatchEvent,Lols12344/Cod-Cold-War-Hack-Aim-More,2023-04-16T19:16:38Z
WatchEvent,Lols12344/Battlefield-2042-HACK-AIM-ESP,2023-04-16T19:16:38Z
PullRequestEvent,rack-app/rack-app-benchmark,2023-04-16T19:16:37Z
WatchEvent,Lols12344/DayZ-Hack-AIM-ESP-More,2023-04-16T19:16:37Z
WatchEvent,Lols12344/CorelDRAW-Graphics-Crack-programs,2023-04-16T19:16:37Z
WatchEvent,Lols12344/CS-2-Cheats-FECURITY,2023-04-16T19:16:37Z
WatchEvent,Lols12344/DayZ-Hack-AIM-ESP-More,2023-04-16T19:16:37Z
WatchEvent,Lols12344/Counter-Strike-2-getting-a-beta-test,2023-04-16T19:16:37Z
WatchEvent,Lols12344/Dead-by-Daylight-ESP-UNLOCK-ALL,2023-04-16T19:16:37Z
WatchEvent,Lols12344/CRACK-MIDNIGHT-HACK-GTA-5-Teleport-Griff-More,2023-04-16T19:16:37Z
WatchEvent,Lols12344/Battlefield-4-HACK-Aim-ESP,2023-04-16T19:16:37Z
WatchEvent,Lols12344/Enlisted-Aimbot-Visuals,2023-04-16T19:16:37Z
WatchEvent,Lols12344/Deadside-Silent-Aim-ESP,2023-04-16T19:16:37Z
WatchEvent,Lols12344/Deadside-Silent-Aim-ESP,2023-04-16T19:16:37Z
WatchEvent,Lols12344/CS-2-Cheats-FECURITY,2023-04-16T19:16:37Z
WatchEvent,Lols12344/Deadside-Silent-Aim-ESP,2023-04-16T19:16:37Z
WatchEvent,Lols12344/DayZ-HACK-AIM-ESP,2023-04-16T19:16:37Z
WatchEvent,Lols12344/CoD-Vanguard-Aimbot-Esp,2023-04-16T19:16:37Z
PullRequestEvent,ichbinist/Rollic-Case-Project,2023-04-16T19:16:37Z
WatchEvent,Lols12344/CorelDRAW-Graphics-Crack-programs,2023-04-16T19:16:37Z
WatchEvent,Lols12344/Counter-Strike-2-getting-a-beta-test,2023-04-16T19:16:37Z
WatchEvent,Lols12344/Battlefield-2042-HACK-AIM-ESP,2023-04-16T19:17:26Z
WatchEvent,M4f1cBl4ckH4t/NjRat-0.7d-Golden-Edition-English-,2023-04-16T19:17:26Z
WatchEvent,Lols12344/Battlefield-4-HACK-Aim-ESP,2023-04-16T19:17:26Z
WatchEvent,Lols12344/CS-GO-HACK-ESP-AIM-More,2023-04-16T19:17:25Z
PullRequestEvent,cryptos81/ccxt,2023-04-16T19:17:26Z
WatchEvent,Lols12344/Battlefield-5-HACK-AimBot-ESP,2023-04-16T19:17:25Z
WatchEvent,Lols12344/Cheat-Black-Squad-Steam-4GAME,2023-04-16T19:17:25Z
WatchEvent,M4f1cBl4ckH4t/njRAT-v0.7d-Professional-Edition-By-Dark-.NET,2023-04-16T19:17:25Z
PullRequestEvent,Maggi64/moderndash,2023-04-16T19:17:25Z
WatchEvent,Lols12344/Caliber-Hack-Aim-Esp,2023-04-16T19:17:25Z
WatchEvent,Lols12344/Cheat-Black-Squad-Steam-4GAME,2023-04-16T19:17:25Z
WatchEvent,M4f1cBl4ckH4t/Cypher-RAT-V3-Cracked,2023-04-16T19:17:25Z
WatchEvent,Lols12344/Ccleaner-PRO-Crack-programs,2023-04-16T19:17:25Z
PullRequestEvent,Daemonlite/ReadNow,2023-04-16T19:17:24Z
PullRequestEvent,hoelsner/product-database,2023-04-16T19:17:25Z
WatchEvent,Lols12344/Cheat-Black-Squad-Steam-4GAME,2023-04-16T19:17:24Z
WatchEvent,Lols12344/Among-US-Mega-MOD-MENU-2023,2023-04-16T19:18:29Z
WatchEvent,rasbt/deeplearning-models,2023-04-16T19:18:29Z
PullRequestEvent,DS-xiaojian/so-vits-svc,2023-04-16T19:18:29Z
WatchEvent,openai/whisper,2023-04-16T19:18:28Z
IssuesEvent,aboczek/Portfolio-Website,2023-04-16T19:18:28Z
PullRequestEvent,Ernestoflores27/Garden_Defender,2023-04-16T19:18:28Z
PullRequestEvent,kylehoehns/kylehoehns.github.io,2023-04-16T19:18:28Z
IssuesEvent,ghostdevv/jellycommands,2023-04-16T19:18:28Z
IssuesEvent,jrsteensen/OpenHornet,2023-04-16T19:18:28Z
IssuesEvent,Sternwarte-St-Ottilien-e-V/status,2023-04-16T19:18:28Z
PullRequestEvent,kuro48/BusdesKICNativeiOS,2023-04-16T19:18:28Z
PullRequestEvent,WolseyBankWitness/rediffusion,2023-04-16T19:18:27Z
PullRequestEvent,sereyatiampati/Auctioneers-Rails-API,2023-04-16T19:18:27Z
WatchEvent,PrismarineJS/mineflayer,2023-04-16T19:18:27Z
WatchEvent,facebookresearch/segment-anything,2023-04-16T19:18:27Z
PullRequestEvent,Phoenix-NSEC/Avenir-Phoenix,2023-04-16T19:19:34Z
PullRequestEvent,paulobueno/django-pythonpro,2023-04-16T19:19:34Z
PullRequestEvent,AmiraWalid1/Data_Structures,2023-04-16T19:19:34Z
WatchEvent,alvarosevilla95/autolang,2023-04-16T19:19:33Z
WatchEvent,magicxor/picpig,2023-04-16T19:19:33Z
PullRequestEvent,Annihilater/v2rayN,2023-04-16T19:19:33Z
PullRequestEvent,sanjeevkumarray/Books-Library-App-Angular,2023-04-16T19:19:33Z
PullRequestEvent,jason82autotech/prework-study-guide,2023-04-16T19:19:33Z
PullRequestEvent,imjustSahen/Software-Sherpas,2023-04-16T19:19:32Z
WatchEvent,usememos/memos,2023-04-16T19:19:33Z
PullRequestEvent,abeltsew/JS-Capstone,2023-04-16T19:19:33Z
WatchEvent,facebookresearch/AnimatedDrawings,2023-04-16T19:19:32Z
WatchEvent,slint-ui/slint,2023-04-16T19:19:32Z
WatchEvent,orperel/LaplacianMeshEditing,2023-04-16T19:19:32Z
PullRequestEvent,WolseyBankWitness/rediffusion,2023-04-16T19:20:37Z
WatchEvent,willdphan/langchain-lex-agent,2023-04-16T19:20:37Z
IssuesEvent,sourceplusplus/status,2023-04-16T19:20:37Z
WatchEvent,Mechanical-Advantage/RobotCode2023,2023-04-16T19:20:37Z
PullRequestEvent,kuzanatoliy/cssbattle-notebook,2023-04-16T19:20:36Z
WatchEvent,ssut/payload-dumper-go,2023-04-16T19:20:36Z
WatchEvent,getgrav/grav,2023-04-16T19:20:36Z
IssuesEvent,unifyai/ivy,2023-04-16T19:20:35Z
PullRequestEvent,MycroftAI/skill-date-time,2023-04-16T19:20:35Z
PullRequestEvent,BladimirGS/devstagramgs,2023-04-16T19:20:35Z
IssuesEvent,Enterprise-CMCS/macpro-mdct-seds,2023-04-16T19:20:35Z
PullRequestEvent,AuroraPolaire/so_yummy_react_project,2023-04-16T19:20:35Z
IssuesEvent,Enterprise-CMCS/macpro-mdct-carts,2023-04-16T19:20:35Z
PullRequestEvent,ts-safeql/safeql,2023-04-16T19:22:02Z
WatchEvent,zhonghuasheng/Tutorial,2023-04-16T19:22:02Z
IssuesEvent,schikimikiviki/Employee-fullstack,2023-04-16T19:22:01Z
PullRequestEvent,faizalardhi16/booking-app,2023-04-16T19:22:01Z
PullRequestEvent,G8t0rboi/CIS_Proj,2023-04-16T19:22:01Z
WatchEvent,crc-org/crc,2023-04-16T19:22:01Z
WatchEvent,convivea/bit-che-3-scripts,2023-04-16T19:22:00Z
PullRequestEvent,Daigoab/weather-web,2023-04-16T19:22:01Z
WatchEvent,smourier/DirectN,2023-04-16T19:22:00Z
PullRequestEvent,Lemonbrush/ProjectX,2023-04-16T19:22:01Z
WatchEvent,gvergnaud/hotscript,2023-04-16T19:22:00Z
PullRequestEvent,NikitaYurjevich/https-github.com-NikitaYurjevich-index.html,2023-04-16T19:22:01Z
IssuesEvent,sorenkrabbe/Chrome-Salesforce-inspector,2023-04-16T19:22:00Z
WatchEvent,wyphan/wyphan.github.io,2023-04-16T19:22:00Z
IssuesEvent,Enterprise-CMCS/macpro-mdct-carts,2023-04-16T19:22:00Z
PullRequestEvent,appotry/trilium,2023-04-16T19:22:03Z
WatchEvent,ibrataha8/calculatrice-simple,2023-04-16T19:22:03Z
PullRequestEvent,PanSusie/GelatoBot,2023-04-16T19:22:03Z
PullRequestEvent,ValeriaYan/rsschool-react-2023Q1,2023-04-16T19:22:02Z
PullRequestEvent,LHONG1008/jsdelivr,2023-04-16T19:22:02Z
PullRequestEvent,ts-safeql/safeql,2023-04-16T19:22:02Z
WatchEvent,zhonghuasheng/Tutorial,2023-04-16T19:22:02Z
IssuesEvent,schikimikiviki/Employee-fullstack,2023-04-16T19:22:01Z
PullRequestEvent,faizalardhi16/booking-app,2023-04-16T19:22:01Z
PullRequestEvent,G8t0rboi/CIS_Proj,2023-04-16T19:22:01Z
WatchEvent,crc-org/crc,2023-04-16T19:22:01Z
PullRequestEvent,Syl9w/team-project,2023-04-16T19:23:02Z
WatchEvent,astroturfcss/astroturf,2023-04-16T19:23:02Z
IssuesEvent,kyx0r/nextvi,2023-04-16T19:23:02Z
PullRequestEvent,NixOS/nixpkgs,2023-04-16T19:23:01Z
PullRequestEvent,Gizra/el-al-shoov,2023-04-16T19:23:01Z
WatchEvent,vercel/ncc,2023-04-16T19:23:01Z
IssuesEvent,archlinux/archinstall,2023-04-16T19:23:01Z
IssuesEvent,chandrasantos/chandrasantos.github.io,2023-04-16T19:23:01Z
PullRequestEvent,noroutine/upstream,2023-04-16T19:23:01Z
WatchEvent,renoise/xrnx,2023-04-16T19:23:01Z
PullRequestEvent,craigwh10/dependency_install_swapper,2023-04-16T19:23:01Z
WatchEvent,djsime1/awesome-flipperzero,2023-04-16T19:23:01Z
PullRequestEvent,GeekBrains2010/GitInstructionWorkshop_2023-04-02,2023-04-16T19:23:01Z
WatchEvent,Interpause/auto-sd-paint-ext,2023-04-16T19:23:00Z
PullRequestEvent,usama6688/Quick-Sift,2023-04-16T19:23:00Z
WatchEvent,thomas-mauran/Polynotes,2023-04-16T19:23:00Z
WatchEvent,vivek9patel/vivek9patel.github.io,2023-04-16T19:23:00Z
WatchEvent,gkamradt/langchain-tutorials,2023-04-16T19:23:00Z
WatchEvent,openai/openai-cookbook,2023-04-16T19:22:59Z
IssuesEvent,ipetrov/django-template,2023-04-16T19:23:05Z
IssuesEvent,pddemo/demo,2023-04-16T19:23:05Z
IssuesEvent,anotherjesse/foo,2023-04-16T19:23:05Z
PullRequestEvent,noroutine/upstream,2023-04-16T19:23:04Z
PullRequestEvent,mate-academy/hibernate-inheritance-example,2023-04-16T19:23:04Z
WatchEvent,ElMassimo/iles,2023-04-16T19:23:04Z
WatchEvent,imnowdevops/ddc-material,2023-04-16T19:23:04Z
WatchEvent,libcpr/cpr,2023-04-16T19:23:04Z
PullRequestEvent,zarbin/UTA_Project-4,2023-04-16T19:23:04Z
IssuesEvent,Automation-Standard/Open-Industry-Project,2023-04-16T19:23:03Z
WatchEvent,puskal-khadka/TikTok-Compose,2023-04-16T19:23:03Z
PullRequestEvent,jqwik-team/jqwik-micronaut,2023-04-16T19:23:03Z
PullRequestEvent,QuiqueLargachaGil/POC.EditingPhotoApp,2023-04-16T19:23:03Z
IssuesEvent,asciinema/asciinema,2023-04-16T19:24:02Z
PullRequestEvent,584812209/free,2023-04-16T19:24:02Z
PullRequestEvent,microsoft/vcpkg,2023-04-16T19:24:01Z
PullRequestEvent,raphaaj/skeleton-typescript-project,2023-04-16T19:24:01Z
WatchEvent,hamsterbacke23/webcamdisplay-react,2023-04-16T19:24:01Z
WatchEvent,emilyliu7321/bluesky-emoji-bot,2023-04-16T19:24:01Z
WatchEvent,TheOdinProject/curriculum,2023-04-16T19:24:01Z
WatchEvent,xinbenlv/open-golinks,2023-04-16T19:24:01Z
WatchEvent,trekhleb/javascript-algorithms,2023-04-16T19:24:01Z
WatchEvent,goldbergyoni/nodebestpractices,2023-04-16T19:24:01Z
WatchEvent,remotely-save/remotely-save,2023-04-16T19:24:01Z
WatchEvent,jaredLunde/react-hook,2023-04-16T19:24:00Z
PullRequestEvent,unfinishedprogram/ray-marcher,2023-04-16T19:24:00Z
PullRequestEvent,linneszyx/FaceRecognition-Backend,2023-04-16T19:24:00Z
PullRequestEvent,TheR1D/shell_gpt,2023-04-16T19:24:00Z
WatchEvent,base-org/node,2023-04-16T19:24:00Z
PullRequestEvent,omarafal/se-majortask,2023-04-16T19:24:00Z
WatchEvent,tensorflow/tensorflow,2023-04-16T19:24:00Z
PullRequestEvent,Van-A/rs-cart-api,2023-04-16T19:23:59Z
IssuesEvent,asciinema/asciinema,2023-04-16T19:24:02Z
PullRequestEvent,584812209/free,2023-04-16T19:24:02Z
PullRequestEvent,microsoft/vcpkg,2023-04-16T19:24:01Z
PullRequestEvent,raphaaj/skeleton-typescript-project,2023-04-16T19:24:01Z
WatchEvent,hamsterbacke23/webcamdisplay-react,2023-04-16T19:24:01Z
WatchEvent,emilyliu7321/bluesky-emoji-bot,2023-04-16T19:24:01Z
WatchEvent,TheOdinProject/curriculum,2023-04-16T19:24:01Z
WatchEvent,xinbenlv/open-golinks,2023-04-16T19:24:01Z
WatchEvent,trekhleb/javascript-algorithms,2023-04-16T19:24:01Z
WatchEvent,goldbergyoni/nodebestpractices,2023-04-16T19:24:01Z
WatchEvent,remotely-save/remotely-save,2023-04-16T19:24:01Z
WatchEvent,jaredLunde/react-hook,2023-04-16T19:24:00Z
PullRequestEvent,unfinishedprogram/ray-marcher,2023-04-16T19:24:00Z
PullRequestEvent,linneszyx/FaceRecognition-Backend,2023-04-16T19:24:00Z
PullRequestEvent,TheR1D/shell_gpt,2023-04-16T19:24:00Z
WatchEvent,base-org/node,2023-04-16T19:24:00Z
PullRequestEvent,omarafal/se-majortask,2023-04-16T19:24:00Z
WatchEvent,tensorflow/tensorflow,2023-04-16T19:24:00Z
PullRequestEvent,Van-A/rs-cart-api,2023-04-16T19:23:59Z
WatchEvent,hypertensiune/Mousedroid,2023-04-16T19:25:02Z
IssuesEvent,dr2moscow/upptime,2023-04-16T19:25:02Z
WatchEvent,Kludex/fastapi-responses,2023-04-16T19:25:02Z
PullRequestEvent,mayocream/golangci-lint,2023-04-16T19:25:01Z
WatchEvent,skynette/photo-album-template,2023-04-16T19:25:01Z
WatchEvent,facebookresearch/AnimatedDrawings,2023-04-16T19:25:01Z
WatchEvent,lm-sys/FastChat,2023-04-16T19:25:01Z
IssuesEvent,watsmeow/covid-data-analysis-tql,2023-04-16T19:25:01Z
PullRequestEvent,kevreth/SpoonFeeder,2023-04-16T19:25:00Z
WatchEvent,DefinitelyTyped/DefinitelyTyped,2023-04-16T19:25:00Z
PullRequestEvent,relative-ci/example-github-action-fork-pull-request,2023-04-16T19:25:00Z
PullRequestEvent,LUKASRIB15/alura-challenges,2023-04-16T19:25:00Z
WatchEvent,Edresson/VoiceSplit,2023-04-16T19:25:05Z
WatchEvent,feedmepos/i18next_class_generator,2023-04-16T19:25:05Z
WatchEvent,gptlabs/nextjs-openai,2023-04-16T19:25:04Z
PullRequestEvent,sannajammeh/payload-ext,2023-04-16T19:25:04Z
PullRequestEvent,shahednasser/quran-extension,2023-04-16T19:25:04Z
PullRequestEvent,NixOS/nixpkgs,2023-04-16T19:25:52Z
PullRequestEvent,happylql/kubernetes,2023-04-16T19:25:52Z
PullRequestEvent,JackBroomans/befrank,2023-04-16T19:25:52Z
WatchEvent,ohmyzsh/ohmyzsh,2023-04-16T19:25:52Z
WatchEvent,tsatke/bootloader,2023-04-16T19:25:52Z
PullRequestEvent,sseidmed/tech-blog,2023-04-16T19:25:51Z
PullRequestEvent,Omikhleia/resilient.sile,2023-04-16T19:25:51Z
WatchEvent,tsatke/nbt,2023-04-16T19:25:51Z
WatchEvent,image-rs/image,2023-04-16T19:25:51Z
PullRequestEvent,civanozbay/BookShop,2023-04-16T19:25:51Z
IssuesEvent,pddemo/demo,2023-04-16T19:25:50Z
PullRequestEvent,AMIHbKA/filmoteka-js-project,2023-04-16T19:25:50Z
WatchEvent,tsatke/codespace-rs,2023-04-16T19:25:50Z
PullRequestEvent,ngkatie/friendify,2023-04-16T19:25:50Z
PullRequestEvent,NixOS/nixpkgs,2023-04-16T19:25:52Z
PullRequestEvent,happylql/kubernetes,2023-04-16T19:25:52Z
PullRequestEvent,JackBroomans/befrank,2023-04-16T19:25:52Z
WatchEvent,ohmyzsh/ohmyzsh,2023-04-16T19:25:52Z
WatchEvent,tsatke/bootloader,2023-04-16T19:25:52Z
PullRequestEvent,sseidmed/tech-blog,2023-04-16T19:25:51Z
PullRequestEvent,Omikhleia/resilient.sile,2023-04-16T19:25:51Z
WatchEvent,tsatke/nbt,2023-04-16T19:25:51Z
WatchEvent,image-rs/image,2023-04-16T19:25:51Z
PullRequestEvent,civanozbay/BookShop,2023-04-16T19:25:51Z
IssuesEvent,pddemo/demo,2023-04-16T19:25:50Z
PullRequestEvent,AMIHbKA/filmoteka-js-project,2023-04-16T19:25:50Z
WatchEvent,tsatke/codespace-rs,2023-04-16T19:25:50Z
PullRequestEvent,ngkatie/friendify,2023-04-16T19:25:50Z
PullRequestEvent,mgondan/rolog,2023-04-16T19:26:59Z
IssuesEvent,marcolorenzo17/Pizzeria-Brenda,2023-04-16T19:26:59Z
PullRequestEvent,stm32-rs/stm32-rs,2023-04-16T19:26:59Z
WatchEvent,JoshClose/CsvHelper,2023-04-16T19:26:59Z
PullRequestEvent,radexperts/adit,2023-04-16T19:26:59Z
PullRequestEvent,DerekNonGeneric/openinf-util-text,2023-04-16T19:26:59Z
PullRequestEvent,PFE-Embraer/drone-swarm-search,2023-04-16T19:26:58Z
PullRequestEvent,marcolorenzo17/Pizzeria-Brenda,2023-04-16T19:26:58Z
WatchEvent,lighthouse-labs/iOS-Music-Workshop,2023-04-16T19:26:58Z
WatchEvent,phelipealves/assinaturadigitaljavascript,2023-04-16T19:26:58Z
WatchEvent,werkamsus/Lilith,2023-04-16T19:26:58Z
PullRequestEvent,samcday/hominions,2023-04-16T19:26:58Z
PullRequestEvent,csfive/docs,2023-04-16T19:26:58Z
WatchEvent,qarmin/czkawka,2023-04-16T19:26:57Z
WatchEvent,1tayH/noisy,2023-04-16T19:26:57Z
PullRequestEvent,elcajon-tech/addon-code-server,2023-04-16T19:26:57Z
WatchEvent,graalvm/setup-graalvm,2023-04-16T19:26:57Z
IssuesEvent,linkspreed/linkspreed_uptime,2023-04-16T19:26:57Z
PullRequestEvent,aws-deepracer-community/deepracer-simapp,2023-04-16T19:26:57Z
PullRequestEvent,mgondan/rolog,2023-04-16T19:26:59Z
IssuesEvent,marcolorenzo17/Pizzeria-Brenda,2023-04-16T19:26:59Z
PullRequestEvent,stm32-rs/stm32-rs,2023-04-16T19:26:59Z
WatchEvent,JoshClose/CsvHelper,2023-04-16T19:26:59Z
PullRequestEvent,radexperts/adit,2023-04-16T19:26:59Z
PullRequestEvent,DerekNonGeneric/openinf-util-text,2023-04-16T19:26:59Z
PullRequestEvent,PFE-Embraer/drone-swarm-search,2023-04-16T19:26:58Z
PullRequestEvent,marcolorenzo17/Pizzeria-Brenda,2023-04-16T19:26:58Z
WatchEvent,lighthouse-labs/iOS-Music-Workshop,2023-04-16T19:26:58Z
WatchEvent,phelipealves/assinaturadigitaljavascript,2023-04-16T19:26:58Z
WatchEvent,werkamsus/Lilith,2023-04-16T19:26:58Z
PullRequestEvent,samcday/hominions,2023-04-16T19:26:58Z
PullRequestEvent,csfive/docs,2023-04-16T19:26:58Z
WatchEvent,qarmin/czkawka,2023-04-16T19:26:57Z
WatchEvent,1tayH/noisy,2023-04-16T19:26:57Z
PullRequestEvent,elcajon-tech/addon-code-server,2023-04-16T19:26:57Z
WatchEvent,graalvm/setup-graalvm,2023-04-16T19:26:57Z
IssuesEvent,linkspreed/linkspreed_uptime,2023-04-16T19:26:57Z
PullRequestEvent,aws-deepracer-community/deepracer-simapp,2023-04-16T19:26:57Z
PullRequestEvent,NikitaLan/Filmfix13,2023-04-16T19:27:48Z
IssuesEvent,BenWoodworth/knbt,2023-04-16T19:27:48Z
WatchEvent,laravel-ready/model-support,2023-04-16T19:27:48Z
PullRequestEvent,hedgedoc/hedgedoc,2023-04-16T19:27:47Z
PullRequestEvent,ordinals-wallet/ordinals-collections,2023-04-16T19:27:47Z
WatchEvent,Skn0tt/prisma-erd,2023-04-16T19:27:47Z
PullRequestEvent,glimpse-graphics/glimpse,2023-04-16T19:27:47Z
IssuesEvent,ProjectKorra/ProjectKorra,2023-04-16T19:27:47Z
IssuesEvent,gulfurs/P2-Project,2023-04-16T19:27:46Z
PullRequestEvent,beyond-all-reason/Beyond-All-Reason,2023-04-16T19:27:46Z
PullRequestEvent,WolseyBankWitness/rediffusion,2023-04-16T19:27:46Z
WatchEvent,orbstack/orbstack,2023-04-16T19:27:46Z
WatchEvent,crablang/crab,2023-04-16T19:27:46Z
PullRequestEvent,praksahb/Chest-System,2023-04-16T19:27:46Z
WatchEvent,open-mmlab/mmdetection,2023-04-16T19:27:46Z
WatchEvent,TaxyAI/browser-extension,2023-04-16T19:27:46Z
PullRequestEvent,leslievan/semi-utils,2023-04-16T19:27:46Z
PullRequestEvent,shishifubing/app-web-tianyi,2023-04-16T19:28:05Z
PullRequestEvent,bernwo/bernwo.github.io,2023-04-16T19:28:05Z
PullRequestEvent,pecigonzalo/nixpkgs,2023-04-16T19:28:04Z
PullRequestEvent,davidjnevin/subnetter,2023-04-16T19:28:04Z
PullRequestEvent,artipavl/SoYummy,2023-04-16T19:28:04Z
PullRequestEvent,tonyskidmore/terraform-kubernetes-azure-devops-agent,2023-04-16T19:28:04Z
PullRequestEvent,GeekBrains2010/GitInstructionWorkshop_2023-04-02,2023-04-16T19:28:04Z
PullRequestEvent,betodealmeida/senor-octopus,2023-04-16T19:28:04Z
WatchEvent,arsium/EagleMonitorRAT,2023-04-16T19:28:04Z
WatchEvent,Hannibal046/Awesome-LLM,2023-04-16T19:28:04Z
PullRequestEvent,coolicedan1/CSS-Layout-Project,2023-04-16T19:28:48Z
PullRequestEvent,jorgevfx/svf-api,2023-04-16T19:28:48Z
WatchEvent,awe50me/Awesome-AI,2023-04-16T19:28:47Z
WatchEvent,EwingYangs/awesome-open-gpt,2023-04-16T19:28:48Z
WatchEvent,rollup/rollup,2023-04-16T19:28:47Z
PullRequestEvent,H1d3r/deepdarkCTI,2023-04-16T19:28:47Z
WatchEvent,reworkd/AgentGPT,2023-04-16T19:28:47Z
PullRequestEvent,ufirstgroup/ymlr,2023-04-16T19:28:47Z
WatchEvent,Netflix/metacat,2023-04-16T19:28:46Z
WatchEvent,sindresorhus/ky,2023-04-16T19:28:46Z
WatchEvent,v1rbox/discox,2023-04-16T19:28:46Z
PullRequestEvent,aramjee/CS546-Group45-FinalProject,2023-04-16T19:28:46Z
PullRequestEvent,this-week-in-rust/this-week-in-rust.github.io,2023-04-16T19:28:46Z
WatchEvent,CompVis/stable-diffusion,2023-04-16T19:28:46Z
IssuesEvent,iamsurgee/uptime,2023-04-16T19:28:46Z
WatchEvent,fuergaosi233/wechat-chatgpt,2023-04-16T19:28:46Z
WatchEvent,bottyan/dnuxt,2023-04-16T19:28:46Z
PullRequestEvent,coolicedan1/CSS-Layout-Project,2023-04-16T19:28:48Z
PullRequestEvent,jorgevfx/svf-api,2023-04-16T19:28:48Z
WatchEvent,awe50me/Awesome-AI,2023-04-16T19:28:47Z
WatchEvent,EwingYangs/awesome-open-gpt,2023-04-16T19:28:48Z
WatchEvent,rollup/rollup,2023-04-16T19:28:47Z
PullRequestEvent,H1d3r/deepdarkCTI,2023-04-16T19:28:47Z
WatchEvent,reworkd/AgentGPT,2023-04-16T19:28:47Z
PullRequestEvent,ufirstgroup/ymlr,2023-04-16T19:28:47Z
WatchEvent,Netflix/metacat,2023-04-16T19:28:46Z
WatchEvent,sindresorhus/ky,2023-04-16T19:28:46Z
WatchEvent,v1rbox/discox,2023-04-16T19:28:46Z
PullRequestEvent,aramjee/CS546-Group45-FinalProject,2023-04-16T19:28:46Z
PullRequestEvent,this-week-in-rust/this-week-in-rust.github.io,2023-04-16T19:28:46Z
WatchEvent,CompVis/stable-diffusion,2023-04-16T19:28:46Z
IssuesEvent,iamsurgee/uptime,2023-04-16T19:28:46Z
WatchEvent,fuergaosi233/wechat-chatgpt,2023-04-16T19:28:46Z
WatchEvent,bottyan/dnuxt,2023-04-16T19:28:46Z
PullRequestEvent,Vycana/Iteract,2023-04-16T19:30:00Z
WatchEvent,hwchase17/langchain,2023-04-16T19:30:00Z
PullRequestEvent,LiteFarmOrg/LiteFarm,2023-04-16T19:29:59Z
PullRequestEvent,tmforum/Integration-Program-TIP---mtop,2023-04-16T19:29:59Z
IssuesEvent,OverzealousLotus/Gemstyne,2023-04-16T19:29:58Z
PullRequestEvent,acn-dgopa/altinn-access-management-frontend,2023-04-16T19:29:58Z
PullRequestEvent,dmitryn/GitStats,2023-04-16T19:29:58Z
IssuesEvent,IRPTeam/IRP,2023-04-16T19:29:57Z
WatchEvent,ibrataha8/CRUD-js,2023-04-16T19:31:05Z
WatchEvent,dome272/Paella,2023-04-16T19:31:05Z
IssuesEvent,lucasrmagalhaes/homework-issues,2023-04-16T19:31:05Z
WatchEvent,kaist-avelab/K-Radar,2023-04-16T19:31:05Z
PullRequestEvent,SerhiiRepinskyi/filmoteka-team-project,2023-04-16T19:31:04Z
PullRequestEvent,MadrHacks/madrhacks.github.io,2023-04-16T19:31:05Z
PullRequestEvent,ViniciusVsV/iJunior-ProjetoTrainee,2023-04-16T19:31:04Z
WatchEvent,daxaxelrod/open_insure,2023-04-16T19:31:04Z
IssuesEvent,Enterprise-CMCS/macpro-mdct-carts,2023-04-16T19:31:03Z
IssuesEvent,DennisvHest/MapMaven,2023-04-16T19:31:04Z
WatchEvent,michaelWuensch/BitBanana,2023-04-16T19:31:03Z
PullRequestEvent,bitnami/containers,2023-04-16T19:31:03Z
PullRequestEvent,SINHASantos/tokio-tungstenite,2023-04-16T19:31:03Z
IssuesEvent,HangHae-12/back,2023-04-16T19:31:03Z
PullRequestEvent,maxlaverse/terraform-provider-bitwarden,2023-04-16T19:32:05Z
WatchEvent,datreeio/CRDs-catalog,2023-04-16T19:32:05Z
PullRequestEvent,HangHae-12/back,2023-04-16T19:32:05Z
WatchEvent,RisingStack/graphql-server,2023-04-16T19:32:05Z
PullRequestEvent,Allo3/Portfolio-architecte-sophie-bluel,2023-04-16T19:32:05Z
PullRequestEvent,0xinit/Auto-GPT,2023-04-16T19:32:05Z
PullRequestEvent,google-test/signclav2-probe-repo,2023-04-16T19:32:05Z
IssuesEvent,bvenkysubbu/tymlymonitor,2023-04-16T19:32:04Z
PullRequestEvent,yegappan/lsp,2023-04-16T19:32:04Z
PullRequestEvent,arrofirezasatria/nextjs-frontend-boilerplate,2023-04-16T19:32:04Z
PullRequestEvent,RitvikSachdeva733/FEE_Assignment-1,2023-04-16T19:32:04Z
PullRequestEvent,hypery2k/tns_testbed_sample,2023-04-16T19:32:04Z
PullRequestEvent,awhipp/evetrade_api,2023-04-16T19:32:04Z
WatchEvent,SunWeb3Sec/DeFiHackLabs,2023-04-16T19:32:04Z
PullRequestEvent,faisalkhan91/Fluxus,2023-04-16T19:32:04Z
WatchEvent,TabbyML/tabby,2023-04-16T19:33:05Z
IssuesEvent,DatGuy1/Windows-Toasts,2023-04-16T19:33:05Z
IssuesEvent,microsoft/vscode,2023-04-16T19:33:05Z
IssuesEvent,HDVinnie/TrackerHub,2023-04-16T19:33:05Z
PullRequestEvent,jgromaire/blockc,2023-04-16T19:33:05Z
WatchEvent,bouzalmat2/gestion_contact,2023-04-16T19:33:05Z
PullRequestEvent,GreenEagleKing/w3w-app,2023-04-16T19:33:05Z
IssuesEvent,TingluoHuang/proxy-test,2023-04-16T19:33:04Z
PullRequestEvent,alexei-nty/RocketMAD,2023-04-16T19:33:04Z
PullRequestEvent,smartcontractkit/ea-framework-js,2023-04-16T19:33:04Z
WatchEvent,Significant-Gravitas/Auto-GPT,2023-04-16T19:33:04Z
PullRequestEvent,ashjamesd/birdhouse,2023-04-16T19:33:04Z
